userCode;extId;moduleId;sessionId;sessionToken;trialId;executableId;module.PracticeLevelHandler.counter;module.PracticeLevelHandler.totalScore;module.PracticeLevelHandler.maxScore;module.PracticeLevelHandler.currentLevel;session.complete;session.condition;session.SessionID.sessionCode;session.ImportanceNontargets.sessionCode;session.MonetaryMotivation.sessionCode;session.Remember.sessionCode;session.ActionRecall.sessionCode;session.TargetRecall.sessionCode;session.ImportanceTargets.sessionCode;session.Birthyear.sessionCode;givenResponse;reactionTime;score;stimulusValue;stimulusType;correctResponse
125927;;f1992cb0-4b2b-4b17-acd3-d2d9bcf72ef1;1;aH2CjAU71600152655861;1;PracticeTrials;1;1;1;14;1;;VP94S94C;90;100;j; ;GHM;80;1996;nonword;1659;1;SCHRAFTBALD;nonword;nonword
125927;;f1992cb0-4b2b-4b17-acd3-d2d9bcf72ef1;1;aH2CjAU71600152655861;2;PracticeTrials;1;1;1;14;1;;VP94S94C;90;100;j; ;GHM;80;1996;nonword;1300;1;INKINNTNOS;nonword;nonword
125927;;f1992cb0-4b2b-4b17-acd3-d2d9bcf72ef1;1;aH2CjAU71600152655861;3;PracticeTrials;1;1;1;14;1;;VP94S94C;90;100;j; ;GHM;80;1996;nonword;1129;1;IBBOIWÄRDAG;nonword;nonword
125927;;f1992cb0-4b2b-4b17-acd3-d2d9bcf72ef1;1;aH2CjAU71600152655861;4;PracticeTrials;1;1;1;14;1;;VP94S94C;90;100;j; ;GHM;80;1996;nonword;1673;1;STIENBITT;nonword;nonword
125927;;f1992cb0-4b2b-4b17-acd3-d2d9bcf72ef1;1;aH2CjAU71600152655861;5;PracticeTrials;1;1;1;14;1;;VP94S94C;90;100;j; ;GHM;80;1996;word;1021;1;ERLAHMEN;word;word
125927;;f1992cb0-4b2b-4b17-acd3-d2d9bcf72ef1;1;aH2CjAU71600152655861;6;PracticeTrials;1;1;1;14;1;;VP94S94C;90;100;j; ;GHM;80;1996;word;1069;1;LEBENSRAUM;word;word
125927;;f1992cb0-4b2b-4b17-acd3-d2d9bcf72ef1;1;aH2CjAU71600152655861;7;PracticeTrials;1;1;1;14;1;;VP94S94C;90;100;j; ;GHM;80;1996;word;907;1;VERNEIGEN;word;word
125927;;f1992cb0-4b2b-4b17-acd3-d2d9bcf72ef1;1;aH2CjAU71600152655861;8;PracticeTrials;1;1;1;14;1;;VP94S94C;90;100;j; ;GHM;80;1996;nonword;903;1;FROEMÖTUG;nonword;nonword
125927;;f1992cb0-4b2b-4b17-acd3-d2d9bcf72ef1;1;aH2CjAU71600152655861;9;PracticeTrials;1;1;1;14;1;;VP94S94C;90;100;j; ;GHM;80;1996;nonword;1067;1;ULLIUNGUNG;nonword;nonword
125927;;f1992cb0-4b2b-4b17-acd3-d2d9bcf72ef1;1;aH2CjAU71600152655861;10;PracticeTrials;1;1;1;14;1;;VP94S94C;90;100;j; ;GHM;80;1996;word;880;1;ZURÜCKLIEGEN;word;word
125927;;f1992cb0-4b2b-4b17-acd3-d2d9bcf72ef1;1;aH2CjAU71600152655861;11;PracticeTrials;1;1;1;14;1;;VP94S94C;90;100;j; ;GHM;80;1996;nonword;1218;1;STÖCKWAUSU;nonword;nonword
125927;;f1992cb0-4b2b-4b17-acd3-d2d9bcf72ef1;1;aH2CjAU71600152655861;12;PracticeTrials;1;1;1;14;1;;VP94S94C;90;100;j; ;GHM;80;1996;word;758;1;SPEISEKARTE;word;word
125927;;f1992cb0-4b2b-4b17-acd3-d2d9bcf72ef1;1;aH2CjAU71600152655861;13;PracticeTrials;1;1;1;14;1;;VP94S94C;90;100;j; ;GHM;80;1996;nonword;896;1;CHIETOSCH;nonword;nonword
125927;;f1992cb0-4b2b-4b17-acd3-d2d9bcf72ef1;1;aH2CjAU71600152655861;14;PracticeTrials;1;1;1;14;1;;VP94S94C;90;100;j; ;GHM;80;1996;word;1045;1;EINGLIEDERN;word;word
125927;;f1992cb0-4b2b-4b17-acd3-d2d9bcf72ef1;1;aH2CjAU71600152655861;15;PracticeTrials;1;1;1;14;1;;VP94S94C;90;100;j; ;GHM;80;1996;word;2149;1;ATTRIBUTSATZ;word;word
125927;;f1992cb0-4b2b-4b17-acd3-d2d9bcf72ef1;1;aH2CjAU71600152655861;16;PracticeTrials;1;1;1;14;1;;VP94S94C;90;100;j; ;GHM;80;1996;word;835;1;ABSOLUTION;word;word
125927;;f1992cb0-4b2b-4b17-acd3-d2d9bcf72ef1;1;aH2CjAU71600152655861;17;PracticeTrials;1;1;1;14;1;;VP94S94C;90;100;j; ;GHM;80;1996;nonword;1102;1;WANDBAATIL;nonword;nonword
125927;;f1992cb0-4b2b-4b17-acd3-d2d9bcf72ef1;1;aH2CjAU71600152655861;18;PracticeTrials;1;1;1;14;1;;VP94S94C;90;100;j; ;GHM;80;1996;nonword;1462;1;IBKÜMMIN;nonword;nonword
125927;;f1992cb0-4b2b-4b17-acd3-d2d9bcf72ef1;1;aH2CjAU71600152655861;19;PracticeTrials;1;1;1;14;1;;VP94S94C;90;100;j; ;GHM;80;1996;word;769;1;STRÄFLING;word;word
125927;;f1992cb0-4b2b-4b17-acd3-d2d9bcf72ef1;1;aH2CjAU71600152655861;20;PracticeTrials;1;1;1;14;1;;VP94S94C;90;100;j; ;GHM;80;1996;word;998;1;WÄRMFLASCHE;word;word
125927;;f1992cb0-4b2b-4b17-acd3-d2d9bcf72ef1;1;aH2CjAU71600152655861;21;PracticeTrials;1;1;1;14;1;;VP94S94C;90;100;j; ;GHM;80;1996;nonword;1011;1;ENGUHENDORT;nonword;nonword
125927;;f1992cb0-4b2b-4b17-acd3-d2d9bcf72ef1;1;aH2CjAU71600152655861;22;PracticeTrials;1;1;1;14;1;;VP94S94C;90;100;j; ;GHM;80;1996;nonword;889;1;VIRBIAMURSCH;nonword;nonword
125927;;f1992cb0-4b2b-4b17-acd3-d2d9bcf72ef1;1;aH2CjAU71600152655861;23;PracticeTrials;1;1;1;14;1;;VP94S94C;90;100;j; ;GHM;80;1996;nonword;650;1;UBZEILON;nonword;nonword
125927;;f1992cb0-4b2b-4b17-acd3-d2d9bcf72ef1;1;aH2CjAU71600152655861;24;PracticeTrials;1;1;1;14;1;;VP94S94C;90;100;j; ;GHM;80;1996;nonword;742;1;ONBAZOHLBER;nonword;nonword
125927;;f1992cb0-4b2b-4b17-acd3-d2d9bcf72ef1;1;aH2CjAU71600152655861;25;PracticeTrials;1;1;1;14;1;;VP94S94C;90;100;j; ;GHM;80;1996;nonword;977;1;FREGIRIO;nonword;nonword
125927;;f1992cb0-4b2b-4b17-acd3-d2d9bcf72ef1;1;aH2CjAU71600152655861;26;PracticeTrials;1;1;1;14;1;;VP94S94C;90;100;j; ;GHM;80;1996;word;2373;1;TATEINHEIT;word;word
125927;;f1992cb0-4b2b-4b17-acd3-d2d9bcf72ef1;1;aH2CjAU71600152655861;27;PracticeTrials;1;1;1;14;1;;VP94S94C;90;100;j; ;GHM;80;1996;nonword;762;1;IEFTIULONG;nonword;nonword
125927;;f1992cb0-4b2b-4b17-acd3-d2d9bcf72ef1;1;aH2CjAU71600152655861;28;PracticeTrials;1;1;1;14;1;;VP94S94C;90;100;j; ;GHM;80;1996;word;1390;1;UNVERSTELLT;word;word
125927;;f1992cb0-4b2b-4b17-acd3-d2d9bcf72ef1;1;aH2CjAU71600152655861;29;PracticeTrials;1;1;1;14;1;;VP94S94C;90;100;j; ;GHM;80;1996;word;830;1;STUDIERENDE;word;word
125927;;f1992cb0-4b2b-4b17-acd3-d2d9bcf72ef1;1;aH2CjAU71600152655861;30;PracticeTrials;1;1;1;14;1;;VP94S94C;90;100;j; ;GHM;80;1996;nonword;857;1;SOEBURKOET;nonword;nonword
125927;;f1992cb0-4b2b-4b17-acd3-d2d9bcf72ef1;1;aH2CjAU71600152655861;31;PracticeTrials;1;1;1;14;1;;VP94S94C;90;100;j; ;GHM;80;1996;word;848;1;EINTRÄCHTIG;word;word
125927;;f1992cb0-4b2b-4b17-acd3-d2d9bcf72ef1;1;aH2CjAU71600152655861;32;PracticeTrials;1;1;1;14;1;;VP94S94C;90;100;j; ;GHM;80;1996;nonword;1691;0;SILBERBROKAT;word;word
125927;;f1992cb0-4b2b-4b17-acd3-d2d9bcf72ef1;1;aH2CjAU71600152655861;33;PracticeTrials;1;1;1;14;1;;VP94S94C;90;100;j; ;GHM;80;1996;word;1139;1;WIDERWILLIG;word;word
125927;;f1992cb0-4b2b-4b17-acd3-d2d9bcf72ef1;1;aH2CjAU71600152655861;34;PracticeTrials;1;1;1;14;1;;VP94S94C;90;100;j; ;GHM;80;1996;nonword;2123;1;KEBERITT;nonword;nonword
125927;;f1992cb0-4b2b-4b17-acd3-d2d9bcf72ef1;1;aH2CjAU71600152655861;35;PracticeTrials;1;1;1;14;1;;VP94S94C;90;100;j; ;GHM;80;1996;nonword;1702;1;BAFÜHEGING;nonword;nonword
125927;;f1992cb0-4b2b-4b17-acd3-d2d9bcf72ef1;1;aH2CjAU71600152655861;36;PracticeTrials;1;1;1;14;1;;VP94S94C;90;100;j; ;GHM;80;1996;word;930;1;FESTIVITÄT;word;word
125927;;f1992cb0-4b2b-4b17-acd3-d2d9bcf72ef1;1;aH2CjAU71600152655861;37;PracticeTrials;1;1;1;14;1;;VP94S94C;90;100;j; ;GHM;80;1996;word;696;1;AUSBLICK;word;word
125927;;f1992cb0-4b2b-4b17-acd3-d2d9bcf72ef1;1;aH2CjAU71600152655861;38;PracticeTrials;1;1;1;14;1;;VP94S94C;90;100;j; ;GHM;80;1996;nonword;1653;0;AUSAGIEREN;word;word
125927;;f1992cb0-4b2b-4b17-acd3-d2d9bcf72ef1;1;aH2CjAU71600152655861;39;PracticeTrials;1;1;1;14;1;;VP94S94C;90;100;j; ;GHM;80;1996;nonword;2418;1;DIRCHTRUNNT;nonword;nonword
125927;;f1992cb0-4b2b-4b17-acd3-d2d9bcf72ef1;1;aH2CjAU71600152655861;40;PracticeTrials;1;1;1;14;1;;VP94S94C;90;100;j; ;GHM;80;1996;word;969;1;SPEISEWÜRZE;word;word
125927;;f1992cb0-4b2b-4b17-acd3-d2d9bcf72ef1;1;aH2CjAU71600152655861;41;NontargetTrial;1;1;1;14;1;;VP94S94C;90;100;j; ;GHM;80;1996;word;2311;1;PROZENTUELL;word;word
125927;;f1992cb0-4b2b-4b17-acd3-d2d9bcf72ef1;1;aH2CjAU71600152655861;42;NontargetTrial;1;1;1;14;1;;VP94S94C;90;100;j; ;GHM;80;1996;nonword;1236;1;NERDIERUPI;nonword;nonword
125927;;f1992cb0-4b2b-4b17-acd3-d2d9bcf72ef1;1;aH2CjAU71600152655861;43;NontargetTrial;1;1;1;14;1;;VP94S94C;90;100;j; ;GHM;80;1996;nonword;1265;1;ZEFÖHRANG;nonword;nonword
125927;;f1992cb0-4b2b-4b17-acd3-d2d9bcf72ef1;1;aH2CjAU71600152655861;44;NontargetTrial;1;1;1;14;1;;VP94S94C;90;100;j; ;GHM;80;1996;nonword;1651;1;WIHLLUKEL;nonword;nonword
125927;;f1992cb0-4b2b-4b17-acd3-d2d9bcf72ef1;1;aH2CjAU71600152655861;45;NontargetTrial;1;1;1;14;1;;VP94S94C;90;100;j; ;GHM;80;1996;word;2692;1;ENTSIEGELN;word;word
125927;;f1992cb0-4b2b-4b17-acd3-d2d9bcf72ef1;1;aH2CjAU71600152655861;46;NontargetTrial;1;1;1;14;1;;VP94S94C;90;100;j; ;GHM;80;1996;nonword;2107;1;PALOURON;nonword;nonword
125927;;f1992cb0-4b2b-4b17-acd3-d2d9bcf72ef1;1;aH2CjAU71600152655861;47;NontargetTrial;1;1;1;14;1;;VP94S94C;90;100;j; ;GHM;80;1996;word;1328;1;STEHLAMPE;word;word
125927;;f1992cb0-4b2b-4b17-acd3-d2d9bcf72ef1;1;aH2CjAU71600152655861;48;NontargetTrial;1;1;1;14;1;;VP94S94C;90;100;j; ;GHM;80;1996;word;1086;1;ANLEHNUNG;word;word
125927;;f1992cb0-4b2b-4b17-acd3-d2d9bcf72ef1;1;aH2CjAU71600152655861;49;NontargetTrial;1;1;1;14;1;;VP94S94C;90;100;j; ;GHM;80;1996;nonword;886;1;ÖBIRRUECH;nonword;nonword
125927;;f1992cb0-4b2b-4b17-acd3-d2d9bcf72ef1;1;aH2CjAU71600152655861;50;NontargetTrial;1;1;1;14;1;;VP94S94C;90;100;j; ;GHM;80;1996;nonword;1440;1;ZIRWÄRFNES;nonword;nonword
125927;;f1992cb0-4b2b-4b17-acd3-d2d9bcf72ef1;1;aH2CjAU71600152655861;51;NontargetTrial;1;1;1;14;1;;VP94S94C;90;100;j; ;GHM;80;1996;word;1099;1;NOTIZBLOCK;word;word
125927;;f1992cb0-4b2b-4b17-acd3-d2d9bcf72ef1;1;aH2CjAU71600152655861;52;NontargetTrial;1;1;1;14;1;;VP94S94C;90;100;j; ;GHM;80;1996;word;1505;1;ANWENDBAR;word;word
125927;;f1992cb0-4b2b-4b17-acd3-d2d9bcf72ef1;1;aH2CjAU71600152655861;53;NontargetTrial;1;1;1;14;1;;VP94S94C;90;100;j; ;GHM;80;1996;word;1679;1;SEHSCHWÄCHE;word;word
125927;;f1992cb0-4b2b-4b17-acd3-d2d9bcf72ef1;1;aH2CjAU71600152655861;54;NontargetTrial;1;1;1;14;1;;VP94S94C;90;100;j; ;GHM;80;1996;word;1469;1;FÜNFTAUSEND;word;word
125927;;f1992cb0-4b2b-4b17-acd3-d2d9bcf72ef1;1;aH2CjAU71600152655861;55;NontargetTrial;1;1;1;14;1;;VP94S94C;90;100;j; ;GHM;80;1996;word;1040;1;WALDRAND;word;word
125927;;f1992cb0-4b2b-4b17-acd3-d2d9bcf72ef1;1;aH2CjAU71600152655861;56;NontargetTrial;1;1;1;14;1;;VP94S94C;90;100;j; ;GHM;80;1996;word;1143;1;IRRITIEREN;word;word
125927;;f1992cb0-4b2b-4b17-acd3-d2d9bcf72ef1;1;aH2CjAU71600152655861;57;NontargetTrial;1;1;1;14;1;;VP94S94C;90;100;j; ;GHM;80;1996;word;1528;1;BRATSCHE;word;word
125927;;f1992cb0-4b2b-4b17-acd3-d2d9bcf72ef1;1;aH2CjAU71600152655861;58;NontargetTrial;1;1;1;14;1;;VP94S94C;90;100;j; ;GHM;80;1996;word;1336;1;PERLENSCHNUR;word;word
125927;;f1992cb0-4b2b-4b17-acd3-d2d9bcf72ef1;1;aH2CjAU71600152655861;59;NontargetTrial;1;1;1;14;1;;VP94S94C;90;100;j; ;GHM;80;1996;nonword;1747;1;WIOTORGAHUND;nonword;nonword
125927;;f1992cb0-4b2b-4b17-acd3-d2d9bcf72ef1;1;aH2CjAU71600152655861;60;NontargetTrial;1;1;1;14;1;;VP94S94C;90;100;j; ;GHM;80;1996;nonword;1045;1;KUKISPILMI;nonword;nonword
125927;;f1992cb0-4b2b-4b17-acd3-d2d9bcf72ef1;1;aH2CjAU71600152655861;61;NontargetTrial;1;1;1;14;1;;VP94S94C;90;100;j; ;GHM;80;1996;nonword;2310;1;RAGILWEDREG;nonword;nonword
125927;;f1992cb0-4b2b-4b17-acd3-d2d9bcf72ef1;1;aH2CjAU71600152655861;62;NontargetTrial;1;1;1;14;1;;VP94S94C;90;100;j; ;GHM;80;1996;word;3575;1;SPUKGESTALT;word;word
125927;;f1992cb0-4b2b-4b17-acd3-d2d9bcf72ef1;1;aH2CjAU71600152655861;63;NontargetTrial;1;1;1;14;1;;VP94S94C;90;100;j; ;GHM;80;1996;nonword;1280;1;VARHÜRTUN;nonword;nonword
125927;;f1992cb0-4b2b-4b17-acd3-d2d9bcf72ef1;1;aH2CjAU71600152655861;64;NontargetTrial;1;1;1;14;1;;VP94S94C;90;100;j; ;GHM;80;1996;word;1552;1;VASELINE;word;word
125927;;f1992cb0-4b2b-4b17-acd3-d2d9bcf72ef1;1;aH2CjAU71600152655861;65;NontargetTrial;1;1;1;14;1;;VP94S94C;90;100;j; ;GHM;80;1996;word;957;1;ANPACKEN;word;word
125927;;f1992cb0-4b2b-4b17-acd3-d2d9bcf72ef1;1;aH2CjAU71600152655861;66;NontargetTrial;1;1;1;14;1;;VP94S94C;90;100;j; ;GHM;80;1996;nonword;1045;1;STIDTGABOIT;nonword;nonword
125927;;f1992cb0-4b2b-4b17-acd3-d2d9bcf72ef1;1;aH2CjAU71600152655861;67;TargetTrial;1;1;1;14;1;;VP94S94C;90;100;j; ;GHM;80;1996;target;936;1;GIMMAORTEG;Targetnonword;target
125927;;f1992cb0-4b2b-4b17-acd3-d2d9bcf72ef1;1;aH2CjAU71600152655861;68;NontargetTrial;1;1;1;14;1;;VP94S94C;90;100;j; ;GHM;80;1996;nonword;4434;1;KÄCHUNSTAHL;nonword;nonword
125927;;f1992cb0-4b2b-4b17-acd3-d2d9bcf72ef1;1;aH2CjAU71600152655861;69;NontargetTrial;1;1;1;14;1;;VP94S94C;90;100;j; ;GHM;80;1996;word;1042;1;BLINZELN;word;word
125927;;f1992cb0-4b2b-4b17-acd3-d2d9bcf72ef1;1;aH2CjAU71600152655861;70;NontargetTrial;1;1;1;14;1;;VP94S94C;90;100;j; ;GHM;80;1996;nonword;3388;1;KAMMUNTOTAR;nonword;nonword
125927;;f1992cb0-4b2b-4b17-acd3-d2d9bcf72ef1;1;aH2CjAU71600152655861;71;NontargetTrial;1;1;1;14;1;;VP94S94C;90;100;j; ;GHM;80;1996;word;1293;1;BODENFROST;word;word
125927;;f1992cb0-4b2b-4b17-acd3-d2d9bcf72ef1;1;aH2CjAU71600152655861;72;NontargetTrial;1;1;1;14;1;;VP94S94C;90;100;j; ;GHM;80;1996;word;1876;1;VORGELESEN;word;word
125927;;f1992cb0-4b2b-4b17-acd3-d2d9bcf72ef1;1;aH2CjAU71600152655861;73;NontargetTrial;1;1;1;14;1;;VP94S94C;90;100;j; ;GHM;80;1996;word;1006;1;BAUSTOFF;word;word
125927;;f1992cb0-4b2b-4b17-acd3-d2d9bcf72ef1;1;aH2CjAU71600152655861;74;NontargetTrial;1;1;1;14;1;;VP94S94C;90;100;j; ;GHM;80;1996;nonword;1489;1;SCHWURFOLLIN;nonword;nonword
125927;;f1992cb0-4b2b-4b17-acd3-d2d9bcf72ef1;1;aH2CjAU71600152655861;75;NontargetTrial;1;1;1;14;1;;VP94S94C;90;100;j; ;GHM;80;1996;nonword;3131;1;INMARKLACH;nonword;nonword
125927;;f1992cb0-4b2b-4b17-acd3-d2d9bcf72ef1;1;aH2CjAU71600152655861;76;NontargetTrial;1;1;1;14;1;;VP94S94C;90;100;j; ;GHM;80;1996;nonword;960;1;ONGASUTTOT;nonword;nonword
125927;;f1992cb0-4b2b-4b17-acd3-d2d9bcf72ef1;1;aH2CjAU71600152655861;77;NontargetTrial;1;1;1;14;1;;VP94S94C;90;100;j; ;GHM;80;1996;nonword;1972;1;VOROBRIDENG;nonword;nonword
125927;;f1992cb0-4b2b-4b17-acd3-d2d9bcf72ef1;1;aH2CjAU71600152655861;78;NontargetTrial;1;1;1;14;1;;VP94S94C;90;100;j; ;GHM;80;1996;nonword;1805;1;VORMOITUR;nonword;nonword
125927;;f1992cb0-4b2b-4b17-acd3-d2d9bcf72ef1;1;aH2CjAU71600152655861;79;NontargetTrial;1;1;1;14;1;;VP94S94C;90;100;j; ;GHM;80;1996;word;1598;1;KAPITULIEREN;word;word
125927;;f1992cb0-4b2b-4b17-acd3-d2d9bcf72ef1;1;aH2CjAU71600152655861;80;NontargetTrial;1;1;1;14;1;;VP94S94C;90;100;j; ;GHM;80;1996;nonword;1471;1;LASOACKU;nonword;nonword
125927;;f1992cb0-4b2b-4b17-acd3-d2d9bcf72ef1;1;aH2CjAU71600152655861;81;NontargetTrial;1;1;1;14;1;;VP94S94C;90;100;j; ;GHM;80;1996;word;1426;1;RÜCKSCHAU;word;word
125927;;f1992cb0-4b2b-4b17-acd3-d2d9bcf72ef1;1;aH2CjAU71600152655861;82;NontargetTrial;1;1;1;14;1;;VP94S94C;90;100;j; ;GHM;80;1996;nonword;1115;1;OBSCHOCKIN;nonword;nonword
125927;;f1992cb0-4b2b-4b17-acd3-d2d9bcf72ef1;1;aH2CjAU71600152655861;83;NontargetTrial;1;1;1;14;1;;VP94S94C;90;100;j; ;GHM;80;1996;word;994;1;RADFAHRER;word;word
125927;;f1992cb0-4b2b-4b17-acd3-d2d9bcf72ef1;1;aH2CjAU71600152655861;84;NontargetTrial;1;1;1;14;1;;VP94S94C;90;100;j; ;GHM;80;1996;word;1615;1;REGIMENT;word;word
125927;;f1992cb0-4b2b-4b17-acd3-d2d9bcf72ef1;1;aH2CjAU71600152655861;85;NontargetTrial;1;1;1;14;1;;VP94S94C;90;100;j; ;GHM;80;1996;nonword;1486;1;KINJIGETUEN;nonword;nonword
125927;;f1992cb0-4b2b-4b17-acd3-d2d9bcf72ef1;1;aH2CjAU71600152655861;86;NontargetTrial;1;1;1;14;1;;VP94S94C;90;100;j; ;GHM;80;1996;word;2214;1;UNTERLEGUNG;word;word
125927;;f1992cb0-4b2b-4b17-acd3-d2d9bcf72ef1;1;aH2CjAU71600152655861;87;NontargetTrial;1;1;1;14;1;;VP94S94C;90;100;j; ;GHM;80;1996;nonword;1017;1;BLATUGOL;nonword;nonword
125927;;f1992cb0-4b2b-4b17-acd3-d2d9bcf72ef1;1;aH2CjAU71600152655861;88;NontargetTrial;1;1;1;14;1;;VP94S94C;90;100;j; ;GHM;80;1996;word;1099;1;SPONTANEITÄT;word;word
125927;;f1992cb0-4b2b-4b17-acd3-d2d9bcf72ef1;1;aH2CjAU71600152655861;89;NontargetTrial;1;1;1;14;1;;VP94S94C;90;100;j; ;GHM;80;1996;nonword;1083;1;VIRJÜHRAG;nonword;nonword
125927;;f1992cb0-4b2b-4b17-acd3-d2d9bcf72ef1;1;aH2CjAU71600152655861;90;NontargetTrial;1;1;1;14;1;;VP94S94C;90;100;j; ;GHM;80;1996;nonword;1290;1;EBNAHMIRLEND;nonword;nonword
125927;;f1992cb0-4b2b-4b17-acd3-d2d9bcf72ef1;1;aH2CjAU71600152655861;91;NontargetTrial;1;1;1;14;1;;VP94S94C;90;100;j; ;GHM;80;1996;nonword;2250;1;RUCHTURSTIHL;nonword;nonword
125927;;f1992cb0-4b2b-4b17-acd3-d2d9bcf72ef1;1;aH2CjAU71600152655861;92;NontargetTrial;1;1;1;14;1;;VP94S94C;90;100;j; ;GHM;80;1996;word;1655;1;VERKEHRSFREI;word;word
125927;;f1992cb0-4b2b-4b17-acd3-d2d9bcf72ef1;1;aH2CjAU71600152655861;93;NontargetTrial;1;1;1;14;1;;VP94S94C;90;100;j; ;GHM;80;1996;nonword;1764;1;BUSTUOARING;nonword;nonword
125927;;f1992cb0-4b2b-4b17-acd3-d2d9bcf72ef1;1;aH2CjAU71600152655861;94;TargetTrial;1;1;1;14;1;;VP94S94C;90;100;j; ;GHM;80;1996;target;1130;1;MIRGINLEFT;Targetnonword;target
125927;;f1992cb0-4b2b-4b17-acd3-d2d9bcf72ef1;1;aH2CjAU71600152655861;95;NontargetTrial;1;1;1;14;1;;VP94S94C;90;100;j; ;GHM;80;1996;nonword;2918;1;BECKPILVOR;nonword;nonword
125927;;f1992cb0-4b2b-4b17-acd3-d2d9bcf72ef1;1;aH2CjAU71600152655861;96;NontargetTrial;1;1;1;14;1;;VP94S94C;90;100;j; ;GHM;80;1996;word;2249;1;KALKGRUBE;word;word
125927;;f1992cb0-4b2b-4b17-acd3-d2d9bcf72ef1;1;aH2CjAU71600152655861;97;NontargetTrial;1;1;1;14;1;;VP94S94C;90;100;j; ;GHM;80;1996;nonword;1344;1;VIRARRON;nonword;nonword
125927;;f1992cb0-4b2b-4b17-acd3-d2d9bcf72ef1;1;aH2CjAU71600152655861;98;NontargetTrial;1;1;1;14;1;;VP94S94C;90;100;j; ;GHM;80;1996;nonword;3273;1;WUOCHSOL;nonword;nonword
125927;;f1992cb0-4b2b-4b17-acd3-d2d9bcf72ef1;1;aH2CjAU71600152655861;99;NontargetTrial;1;1;1;14;1;;VP94S94C;90;100;j; ;GHM;80;1996;nonword;2657;1;SUMENTASCH;nonword;nonword
125927;;f1992cb0-4b2b-4b17-acd3-d2d9bcf72ef1;1;aH2CjAU71600152655861;100;NontargetTrial;1;1;1;14;1;;VP94S94C;90;100;j; ;GHM;80;1996;nonword;3568;1;AENFUHRT;nonword;nonword
125927;;f1992cb0-4b2b-4b17-acd3-d2d9bcf72ef1;1;aH2CjAU71600152655861;101;NontargetTrial;1;1;1;14;1;;VP94S94C;90;100;j; ;GHM;80;1996;word;1715;1;VORSPRUCH;word;word
125927;;f1992cb0-4b2b-4b17-acd3-d2d9bcf72ef1;1;aH2CjAU71600152655861;102;NontargetTrial;1;1;1;14;1;;VP94S94C;90;100;j; ;GHM;80;1996;word;1439;1;UMZÄUNUNG;word;word
125927;;f1992cb0-4b2b-4b17-acd3-d2d9bcf72ef1;1;aH2CjAU71600152655861;103;NontargetTrial;1;1;1;14;1;;VP94S94C;90;100;j; ;GHM;80;1996;nonword;1577;1;BIOIRDNANG;nonword;nonword
125927;;f1992cb0-4b2b-4b17-acd3-d2d9bcf72ef1;1;aH2CjAU71600152655861;104;NontargetTrial;1;1;1;14;1;;VP94S94C;90;100;j; ;GHM;80;1996;nonword;2520;1;NICHTTOREF;nonword;nonword
125927;;f1992cb0-4b2b-4b17-acd3-d2d9bcf72ef1;1;aH2CjAU71600152655861;105;NontargetTrial;1;1;1;14;1;;VP94S94C;90;100;j; ;GHM;80;1996;word;2509;1;LAHMLEGEN;word;word
125927;;f1992cb0-4b2b-4b17-acd3-d2d9bcf72ef1;1;aH2CjAU71600152655861;106;NontargetTrial;1;1;1;14;1;;VP94S94C;90;100;j; ;GHM;80;1996;nonword;2273;1;UESRIAFIN;nonword;nonword
125927;;f1992cb0-4b2b-4b17-acd3-d2d9bcf72ef1;1;aH2CjAU71600152655861;107;NontargetTrial;1;1;1;14;1;;VP94S94C;90;100;j; ;GHM;80;1996;word;867;1;BLEISTIFT;word;word
125927;;f1992cb0-4b2b-4b17-acd3-d2d9bcf72ef1;1;aH2CjAU71600152655861;108;NontargetTrial;1;1;1;14;1;;VP94S94C;90;100;j; ;GHM;80;1996;word;1131;1;UNERLAUBT;word;word
125927;;f1992cb0-4b2b-4b17-acd3-d2d9bcf72ef1;1;aH2CjAU71600152655861;109;NontargetTrial;1;1;1;14;1;;VP94S94C;90;100;j; ;GHM;80;1996;nonword;807;1;UXPIRTOIR;nonword;nonword
125927;;f1992cb0-4b2b-4b17-acd3-d2d9bcf72ef1;1;aH2CjAU71600152655861;110;NontargetTrial;1;1;1;14;1;;VP94S94C;90;100;j; ;GHM;80;1996;word;839;1;ARTEFAKT;word;word
125927;;f1992cb0-4b2b-4b17-acd3-d2d9bcf72ef1;1;aH2CjAU71600152655861;111;NontargetTrial;1;1;1;14;1;;VP94S94C;90;100;j; ;GHM;80;1996;nonword;1316;1;TAPFBLAMO;nonword;nonword
125927;;f1992cb0-4b2b-4b17-acd3-d2d9bcf72ef1;1;aH2CjAU71600152655861;112;NontargetTrial;1;1;1;14;1;;VP94S94C;90;100;j; ;GHM;80;1996;nonword;1217;1;VIRLÜEFUR;nonword;nonword
125927;;f1992cb0-4b2b-4b17-acd3-d2d9bcf72ef1;1;aH2CjAU71600152655861;113;NontargetTrial;1;1;1;14;1;;VP94S94C;90;100;j; ;GHM;80;1996;nonword;1026;1;DEPPULTÖR;nonword;nonword
125927;;f1992cb0-4b2b-4b17-acd3-d2d9bcf72ef1;1;aH2CjAU71600152655861;114;NontargetTrial;1;1;1;14;1;;VP94S94C;90;100;j; ;GHM;80;1996;nonword;961;0;VERBÜRGEN;word;word
125927;;f1992cb0-4b2b-4b17-acd3-d2d9bcf72ef1;1;aH2CjAU71600152655861;115;NontargetTrial;1;1;1;14;1;;VP94S94C;90;100;j; ;GHM;80;1996;word;1412;1;AUSPUMPEN;word;word
125927;;f1992cb0-4b2b-4b17-acd3-d2d9bcf72ef1;1;aH2CjAU71600152655861;116;NontargetTrial;1;1;1;14;1;;VP94S94C;90;100;j; ;GHM;80;1996;word;700;1;ABWASSER;word;word
125927;;f1992cb0-4b2b-4b17-acd3-d2d9bcf72ef1;1;aH2CjAU71600152655861;117;NontargetTrial;1;1;1;14;1;;VP94S94C;90;100;j; ;GHM;80;1996;word;2305;1;ANDERSWOHIN;word;word
125927;;f1992cb0-4b2b-4b17-acd3-d2d9bcf72ef1;1;aH2CjAU71600152655861;118;NontargetTrial;1;1;1;14;1;;VP94S94C;90;100;j; ;GHM;80;1996;word;1362;1;ZUROLLEN;word;word
125927;;f1992cb0-4b2b-4b17-acd3-d2d9bcf72ef1;1;aH2CjAU71600152655861;119;NontargetTrial;1;1;1;14;1;;VP94S94C;90;100;j; ;GHM;80;1996;nonword;884;1;IUNGLAASAG;nonword;nonword
125927;;f1992cb0-4b2b-4b17-acd3-d2d9bcf72ef1;1;aH2CjAU71600152655861;120;NontargetTrial;1;1;1;14;1;;VP94S94C;90;100;j; ;GHM;80;1996;word;1110;1;CHRISTENHEIT;word;word
125927;;f1992cb0-4b2b-4b17-acd3-d2d9bcf72ef1;1;aH2CjAU71600152655861;121;TargetTrial;1;1;1;14;1;;VP94S94C;90;100;j; ;GHM;80;1996;target;949;1;MASKIERUNG;Targetword;target
125927;;f1992cb0-4b2b-4b17-acd3-d2d9bcf72ef1;1;aH2CjAU71600152655861;122;NontargetTrial;1;1;1;14;1;;VP94S94C;90;100;j; ;GHM;80;1996;nonword;1163;1;PIBLAZEST;nonword;nonword
125927;;f1992cb0-4b2b-4b17-acd3-d2d9bcf72ef1;1;aH2CjAU71600152655861;123;NontargetTrial;1;1;1;14;1;;VP94S94C;90;100;j; ;GHM;80;1996;word;1315;1;AUFSPERREN;word;word
125927;;f1992cb0-4b2b-4b17-acd3-d2d9bcf72ef1;1;aH2CjAU71600152655861;124;NontargetTrial;1;1;1;14;1;;VP94S94C;90;100;j; ;GHM;80;1996;nonword;1526;1;VIRMAMMING;nonword;nonword
125927;;f1992cb0-4b2b-4b17-acd3-d2d9bcf72ef1;1;aH2CjAU71600152655861;125;NontargetTrial;1;1;1;14;1;;VP94S94C;90;100;j; ;GHM;80;1996;word;1579;1;SCHMIERPUMPE;word;word
125927;;f1992cb0-4b2b-4b17-acd3-d2d9bcf72ef1;1;aH2CjAU71600152655861;126;NontargetTrial;1;1;1;14;1;;VP94S94C;90;100;j; ;GHM;80;1996;word;1130;1;LOCKVOGEL;word;word
125927;;f1992cb0-4b2b-4b17-acd3-d2d9bcf72ef1;1;aH2CjAU71600152655861;127;NontargetTrial;1;1;1;14;1;;VP94S94C;90;100;j; ;GHM;80;1996;nonword;994;1;IBWORTIN;nonword;nonword
125927;;f1992cb0-4b2b-4b17-acd3-d2d9bcf72ef1;1;aH2CjAU71600152655861;128;NontargetTrial;1;1;1;14;1;;VP94S94C;90;100;j; ;GHM;80;1996;word;1882;1;SCHLÜSSIG;word;word
125927;;f1992cb0-4b2b-4b17-acd3-d2d9bcf72ef1;1;aH2CjAU71600152655861;129;NontargetTrial;1;1;1;14;1;;VP94S94C;90;100;j; ;GHM;80;1996;word;1244;1;FACHSIMPELEI;word;word
125927;;f1992cb0-4b2b-4b17-acd3-d2d9bcf72ef1;1;aH2CjAU71600152655861;130;NontargetTrial;1;1;1;14;1;;VP94S94C;90;100;j; ;GHM;80;1996;word;1458;1;BESCHÄMEN;word;word
125927;;f1992cb0-4b2b-4b17-acd3-d2d9bcf72ef1;1;aH2CjAU71600152655861;131;NontargetTrial;1;1;1;14;1;;VP94S94C;90;100;j; ;GHM;80;1996;nonword;914;1;VOTELOTÖT;nonword;nonword
125927;;f1992cb0-4b2b-4b17-acd3-d2d9bcf72ef1;1;aH2CjAU71600152655861;132;NontargetTrial;1;1;1;14;1;;VP94S94C;90;100;j; ;GHM;80;1996;nonword;1093;1;INSCHÖDLUCH;nonword;nonword
125927;;f1992cb0-4b2b-4b17-acd3-d2d9bcf72ef1;1;aH2CjAU71600152655861;133;NontargetTrial;1;1;1;14;1;;VP94S94C;90;100;j; ;GHM;80;1996;word;1012;1;UNVERGESSEN;word;word
125927;;f1992cb0-4b2b-4b17-acd3-d2d9bcf72ef1;1;aH2CjAU71600152655861;134;NontargetTrial;1;1;1;14;1;;VP94S94C;90;100;j; ;GHM;80;1996;word;910;1;DANKSAGEN;word;word
125927;;f1992cb0-4b2b-4b17-acd3-d2d9bcf72ef1;1;aH2CjAU71600152655861;135;NontargetTrial;1;1;1;14;1;;VP94S94C;90;100;j; ;GHM;80;1996;word;1567;1;IMPRÄGNATION;word;word
125927;;f1992cb0-4b2b-4b17-acd3-d2d9bcf72ef1;1;aH2CjAU71600152655861;136;NontargetTrial;1;1;1;14;1;;VP94S94C;90;100;j; ;GHM;80;1996;word;1087;1;SPARFLAMME;word;word
125927;;f1992cb0-4b2b-4b17-acd3-d2d9bcf72ef1;1;aH2CjAU71600152655861;137;NontargetTrial;1;1;1;14;1;;VP94S94C;90;100;j; ;GHM;80;1996;word;726;1;ABSETZUNG;word;word
125927;;f1992cb0-4b2b-4b17-acd3-d2d9bcf72ef1;1;aH2CjAU71600152655861;138;NontargetTrial;1;1;1;14;1;;VP94S94C;90;100;j; ;GHM;80;1996;nonword;1789;1;DORCHGOHUN;nonword;nonword
125927;;f1992cb0-4b2b-4b17-acd3-d2d9bcf72ef1;1;aH2CjAU71600152655861;139;NontargetTrial;1;1;1;14;1;;VP94S94C;90;100;j; ;GHM;80;1996;nonword;786;1;OGNIRUNT;nonword;nonword
125927;;f1992cb0-4b2b-4b17-acd3-d2d9bcf72ef1;1;aH2CjAU71600152655861;140;NontargetTrial;1;1;1;14;1;;VP94S94C;90;100;j; ;GHM;80;1996;word;1389;1;AGRARPOLITIK;word;word
125927;;f1992cb0-4b2b-4b17-acd3-d2d9bcf72ef1;1;aH2CjAU71600152655861;141;NontargetTrial;1;1;1;14;1;;VP94S94C;90;100;j; ;GHM;80;1996;word;747;1;ERKÄLTUNG;word;word
125927;;f1992cb0-4b2b-4b17-acd3-d2d9bcf72ef1;1;aH2CjAU71600152655861;142;NontargetTrial;1;1;1;14;1;;VP94S94C;90;100;j; ;GHM;80;1996;nonword;2431;1;BINETZBER;nonword;nonword
125927;;f1992cb0-4b2b-4b17-acd3-d2d9bcf72ef1;1;aH2CjAU71600152655861;143;NontargetTrial;1;1;1;14;1;;VP94S94C;90;100;j; ;GHM;80;1996;nonword;3728;0;ÜBEREIGNEN;word;word
125927;;f1992cb0-4b2b-4b17-acd3-d2d9bcf72ef1;1;aH2CjAU71600152655861;144;NontargetTrial;1;1;1;14;1;;VP94S94C;90;100;j; ;GHM;80;1996;word;790;1;ERWÄRMEN;word;word
125927;;f1992cb0-4b2b-4b17-acd3-d2d9bcf72ef1;1;aH2CjAU71600152655861;145;NontargetTrial;1;1;1;14;1;;VP94S94C;90;100;j; ;GHM;80;1996;word;1946;1;ÖKUMENISCH;word;word
125927;;f1992cb0-4b2b-4b17-acd3-d2d9bcf72ef1;1;aH2CjAU71600152655861;146;NontargetTrial;1;1;1;14;1;;VP94S94C;90;100;j; ;GHM;80;1996;word;906;1;UNSTERBLICH;word;word
125927;;f1992cb0-4b2b-4b17-acd3-d2d9bcf72ef1;1;aH2CjAU71600152655861;147;NontargetTrial;1;1;1;14;1;;VP94S94C;90;100;j; ;GHM;80;1996;word;1267;1;ENTMUTIGEN;word;word
125927;;f1992cb0-4b2b-4b17-acd3-d2d9bcf72ef1;1;aH2CjAU71600152655861;148;TargetTrial;1;1;1;14;1;;VP94S94C;90;100;j; ;GHM;80;1996;word;915;0;GEDANKLICH;Targetword;target
125927;;f1992cb0-4b2b-4b17-acd3-d2d9bcf72ef1;1;aH2CjAU71600152655861;149;NontargetTrial;1;1;1;14;1;;VP94S94C;90;100;j; ;GHM;80;1996;nonword;2180;1;DROUZOHNTI;nonword;nonword
125927;;f1992cb0-4b2b-4b17-acd3-d2d9bcf72ef1;1;aH2CjAU71600152655861;150;NontargetTrial;1;1;1;14;1;;VP94S94C;90;100;j; ;GHM;80;1996;nonword;3037;1;STOPTÜNZUR;nonword;nonword
125927;;f1992cb0-4b2b-4b17-acd3-d2d9bcf72ef1;1;aH2CjAU71600152655861;151;NontargetTrial;1;1;1;14;1;;VP94S94C;90;100;j; ;GHM;80;1996;nonword;974;1;TEAFPONKT;nonword;nonword
125927;;f1992cb0-4b2b-4b17-acd3-d2d9bcf72ef1;1;aH2CjAU71600152655861;152;NontargetTrial;1;1;1;14;1;;VP94S94C;90;100;j; ;GHM;80;1996;word;948;1;TÄUSCHER;word;word
125927;;f1992cb0-4b2b-4b17-acd3-d2d9bcf72ef1;1;aH2CjAU71600152655861;153;NontargetTrial;1;1;1;14;1;;VP94S94C;90;100;j; ;GHM;80;1996;nonword;1839;0;TRUMPFFARBE;word;word
125927;;f1992cb0-4b2b-4b17-acd3-d2d9bcf72ef1;1;aH2CjAU71600152655861;154;NontargetTrial;1;1;1;14;1;;VP94S94C;90;100;j; ;GHM;80;1996;nonword;1892;1;PHASPHET;nonword;nonword
125927;;f1992cb0-4b2b-4b17-acd3-d2d9bcf72ef1;1;aH2CjAU71600152655861;155;NontargetTrial;1;1;1;14;1;;VP94S94C;90;100;j; ;GHM;80;1996;word;1097;1;AUSSCHNEIDEN;word;word
125927;;f1992cb0-4b2b-4b17-acd3-d2d9bcf72ef1;1;aH2CjAU71600152655861;156;NontargetTrial;1;1;1;14;1;;VP94S94C;90;100;j; ;GHM;80;1996;nonword;981;1;ÄBORGRAOFUN;nonword;nonword
125927;;f1992cb0-4b2b-4b17-acd3-d2d9bcf72ef1;1;aH2CjAU71600152655861;157;NontargetTrial;1;1;1;14;1;;VP94S94C;90;100;j; ;GHM;80;1996;nonword;1602;1;BRINDBLISU;nonword;nonword
125927;;f1992cb0-4b2b-4b17-acd3-d2d9bcf72ef1;1;aH2CjAU71600152655861;158;NontargetTrial;1;1;1;14;1;;VP94S94C;90;100;j; ;GHM;80;1996;nonword;924;1;PURSOFLOGO;nonword;nonword
125927;;f1992cb0-4b2b-4b17-acd3-d2d9bcf72ef1;1;aH2CjAU71600152655861;159;NontargetTrial;1;1;1;14;1;;VP94S94C;90;100;j; ;GHM;80;1996;nonword;880;1;IRGRUMMUN;nonword;nonword
125927;;f1992cb0-4b2b-4b17-acd3-d2d9bcf72ef1;1;aH2CjAU71600152655861;160;NontargetTrial;1;1;1;14;1;;VP94S94C;90;100;j; ;GHM;80;1996;word;2034;1;SCHIFFSBRIEF;word;word
125927;;f1992cb0-4b2b-4b17-acd3-d2d9bcf72ef1;1;aH2CjAU71600152655861;161;NontargetTrial;1;1;1;14;1;;VP94S94C;90;100;j; ;GHM;80;1996;nonword;1181;1;UNTHISOOSMES;nonword;nonword
125927;;f1992cb0-4b2b-4b17-acd3-d2d9bcf72ef1;1;aH2CjAU71600152655861;162;NontargetTrial;1;1;1;14;1;;VP94S94C;90;100;j; ;GHM;80;1996;nonword;1056;1;NOCHSICHIN;nonword;nonword
125927;;f1992cb0-4b2b-4b17-acd3-d2d9bcf72ef1;1;aH2CjAU71600152655861;163;NontargetTrial;1;1;1;14;1;;VP94S94C;90;100;j; ;GHM;80;1996;word;936;1;OPTIMIEREN;word;word
125927;;f1992cb0-4b2b-4b17-acd3-d2d9bcf72ef1;1;aH2CjAU71600152655861;164;NontargetTrial;1;1;1;14;1;;VP94S94C;90;100;j; ;GHM;80;1996;nonword;721;1;OBTRUGON;nonword;nonword
125927;;f1992cb0-4b2b-4b17-acd3-d2d9bcf72ef1;1;aH2CjAU71600152655861;165;NontargetTrial;1;1;1;14;1;;VP94S94C;90;100;j; ;GHM;80;1996;word;956;1;UNIVERSELL;word;word
125927;;f1992cb0-4b2b-4b17-acd3-d2d9bcf72ef1;1;aH2CjAU71600152655861;166;NontargetTrial;1;1;1;14;1;;VP94S94C;90;100;j; ;GHM;80;1996;nonword;962;1;UBSUNKUN;nonword;nonword
125927;;f1992cb0-4b2b-4b17-acd3-d2d9bcf72ef1;1;aH2CjAU71600152655861;167;NontargetTrial;1;1;1;14;1;;VP94S94C;90;100;j; ;GHM;80;1996;word;1164;1;EINSPRINGEN;word;word
125927;;f1992cb0-4b2b-4b17-acd3-d2d9bcf72ef1;1;aH2CjAU71600152655861;168;NontargetTrial;1;1;1;14;1;;VP94S94C;90;100;j; ;GHM;80;1996;nonword;684;1;KAEPIROTEV;nonword;nonword
125927;;f1992cb0-4b2b-4b17-acd3-d2d9bcf72ef1;1;aH2CjAU71600152655861;169;NontargetTrial;1;1;1;14;1;;VP94S94C;90;100;j; ;GHM;80;1996;nonword;2284;1;SCHRUCKAN;nonword;nonword
125927;;f1992cb0-4b2b-4b17-acd3-d2d9bcf72ef1;1;aH2CjAU71600152655861;170;NontargetTrial;1;1;1;14;1;;VP94S94C;90;100;j; ;GHM;80;1996;nonword;1192;1;TIGANDHIFT;nonword;nonword
125927;;f1992cb0-4b2b-4b17-acd3-d2d9bcf72ef1;1;aH2CjAU71600152655861;171;NontargetTrial;1;1;1;14;1;;VP94S94C;90;100;j; ;GHM;80;1996;word;1892;1;ÜBERREDUNG;word;word
125927;;f1992cb0-4b2b-4b17-acd3-d2d9bcf72ef1;1;aH2CjAU71600152655861;172;NontargetTrial;1;1;1;14;1;;VP94S94C;90;100;j; ;GHM;80;1996;nonword;1216;1;RIHRKAHLO;nonword;nonword
125927;;f1992cb0-4b2b-4b17-acd3-d2d9bcf72ef1;1;aH2CjAU71600152655861;173;NontargetTrial;1;1;1;14;1;;VP94S94C;90;100;j; ;GHM;80;1996;word;1608;1;DREISTUFIG;word;word
125927;;f1992cb0-4b2b-4b17-acd3-d2d9bcf72ef1;1;aH2CjAU71600152655861;174;NontargetTrial;1;1;1;14;1;;VP94S94C;90;100;j; ;GHM;80;1996;nonword;1142;1;SCHLUOURHUFT;nonword;nonword
125927;;f1992cb0-4b2b-4b17-acd3-d2d9bcf72ef1;1;aH2CjAU71600152655861;175;TargetTrial;1;1;1;14;1;;VP94S94C;90;100;j; ;GHM;80;1996;target;1367;1;HAFENSTADT;Targetword;target
125927;;f1992cb0-4b2b-4b17-acd3-d2d9bcf72ef1;1;aH2CjAU71600152655861;176;NontargetTrial;1;1;1;14;1;;VP94S94C;90;100;j; ;GHM;80;1996;nonword;1397;1;KIHLAPUPOUR;nonword;nonword
125927;;f1992cb0-4b2b-4b17-acd3-d2d9bcf72ef1;1;aH2CjAU71600152655861;177;NontargetTrial;1;1;1;14;1;;VP94S94C;90;100;j; ;GHM;80;1996;nonword;1916;1;ANDIITLECH;nonword;nonword
125927;;f1992cb0-4b2b-4b17-acd3-d2d9bcf72ef1;1;aH2CjAU71600152655861;178;NontargetTrial;1;1;1;14;1;;VP94S94C;90;100;j; ;GHM;80;1996;nonword;1061;1;STRUMSPARRI;nonword;nonword
125927;;f1992cb0-4b2b-4b17-acd3-d2d9bcf72ef1;1;aH2CjAU71600152655861;179;NontargetTrial;1;1;1;14;1;;VP94S94C;90;100;j; ;GHM;80;1996;nonword;2510;1;ONBOWUCHT;nonword;nonword
125927;;f1992cb0-4b2b-4b17-acd3-d2d9bcf72ef1;1;aH2CjAU71600152655861;180;NontargetTrial;1;1;1;14;1;;VP94S94C;90;100;j; ;GHM;80;1996;nonword;1268;1;KIRTINHIES;nonword;nonword
125927;;f1992cb0-4b2b-4b17-acd3-d2d9bcf72ef1;1;aH2CjAU71600152655861;181;NontargetTrial;1;1;1;14;1;;VP94S94C;90;100;j; ;GHM;80;1996;word;1813;1;PATIENTIN;word;word
125927;;f1992cb0-4b2b-4b17-acd3-d2d9bcf72ef1;1;aH2CjAU71600152655861;182;NontargetTrial;1;1;1;14;1;;VP94S94C;90;100;j; ;GHM;80;1996;nonword;1030;1;SPOOLDUSI;nonword;nonword
125927;;f1992cb0-4b2b-4b17-acd3-d2d9bcf72ef1;1;aH2CjAU71600152655861;183;NontargetTrial;1;1;1;14;1;;VP94S94C;90;100;j; ;GHM;80;1996;word;951;1;VORBEIKOMMEN;word;word
125927;;f1992cb0-4b2b-4b17-acd3-d2d9bcf72ef1;1;aH2CjAU71600152655861;184;NontargetTrial;1;1;1;14;1;;VP94S94C;90;100;j; ;GHM;80;1996;nonword;1727;1;ANTURIRDNIND;nonword;nonword
125927;;f1992cb0-4b2b-4b17-acd3-d2d9bcf72ef1;1;aH2CjAU71600152655861;185;NontargetTrial;1;1;1;14;1;;VP94S94C;90;100;j; ;GHM;80;1996;word;1284;1;BAUKLOTZ;word;word
125927;;f1992cb0-4b2b-4b17-acd3-d2d9bcf72ef1;1;aH2CjAU71600152655861;186;NontargetTrial;1;1;1;14;1;;VP94S94C;90;100;j; ;GHM;80;1996;nonword;1145;0;UNVERMITTELT;word;word
125927;;f1992cb0-4b2b-4b17-acd3-d2d9bcf72ef1;1;aH2CjAU71600152655861;187;NontargetTrial;1;1;1;14;1;;VP94S94C;90;100;j; ;GHM;80;1996;nonword;1004;1;IENSCHRUATON;nonword;nonword
125927;;f1992cb0-4b2b-4b17-acd3-d2d9bcf72ef1;1;aH2CjAU71600152655861;188;NontargetTrial;1;1;1;14;1;;VP94S94C;90;100;j; ;GHM;80;1996;word;880;1;WUNDERKIND;word;word
125927;;f1992cb0-4b2b-4b17-acd3-d2d9bcf72ef1;1;aH2CjAU71600152655861;189;NontargetTrial;1;1;1;14;1;;VP94S94C;90;100;j; ;GHM;80;1996;nonword;1137;1;BAFÄRWIRTOR;nonword;nonword
125927;;f1992cb0-4b2b-4b17-acd3-d2d9bcf72ef1;1;aH2CjAU71600152655861;190;NontargetTrial;1;1;1;14;1;;VP94S94C;90;100;j; ;GHM;80;1996;nonword;785;0;OMNIPOTENZ;word;word
125927;;f1992cb0-4b2b-4b17-acd3-d2d9bcf72ef1;1;aH2CjAU71600152655861;191;NontargetTrial;1;1;1;14;1;;VP94S94C;90;100;j; ;GHM;80;1996;nonword;1875;1;RAESUFUABUR;nonword;nonword
125927;;f1992cb0-4b2b-4b17-acd3-d2d9bcf72ef1;1;aH2CjAU71600152655861;192;NontargetTrial;1;1;1;14;1;;VP94S94C;90;100;j; ;GHM;80;1996;nonword;2747;1;SCHNERRBIRT;nonword;nonword
125927;;f1992cb0-4b2b-4b17-acd3-d2d9bcf72ef1;1;aH2CjAU71600152655861;193;NontargetTrial;1;1;1;14;1;;VP94S94C;90;100;j; ;GHM;80;1996;word;1111;1;AUSFINDIG;word;word
125927;;f1992cb0-4b2b-4b17-acd3-d2d9bcf72ef1;1;aH2CjAU71600152655861;194;NontargetTrial;1;1;1;14;1;;VP94S94C;90;100;j; ;GHM;80;1996;nonword;846;0;SZENISCH;word;word
125927;;f1992cb0-4b2b-4b17-acd3-d2d9bcf72ef1;1;aH2CjAU71600152655861;195;NontargetTrial;1;1;1;14;1;;VP94S94C;90;100;j; ;GHM;80;1996;word;2341;1;NACHTPORTIER;word;word
125927;;f1992cb0-4b2b-4b17-acd3-d2d9bcf72ef1;1;aH2CjAU71600152655861;196;NontargetTrial;1;1;1;14;1;;VP94S94C;90;100;j; ;GHM;80;1996;nonword;4952;1;ANTUGREURIND;nonword;nonword
125927;;f1992cb0-4b2b-4b17-acd3-d2d9bcf72ef1;1;aH2CjAU71600152655861;197;NontargetTrial;1;1;1;14;1;;VP94S94C;90;100;j; ;GHM;80;1996;word;1766;1;UNTERHALT;word;word
125927;;f1992cb0-4b2b-4b17-acd3-d2d9bcf72ef1;1;aH2CjAU71600152655861;198;NontargetTrial;1;1;1;14;1;;VP94S94C;90;100;j; ;GHM;80;1996;word;873;1;ZWEIGSTELLE;word;word
125927;;f1992cb0-4b2b-4b17-acd3-d2d9bcf72ef1;1;aH2CjAU71600152655861;199;NontargetTrial;1;1;1;14;1;;VP94S94C;90;100;j; ;GHM;80;1996;word;1763;1;AMPHIBISCH;word;word
125927;;f1992cb0-4b2b-4b17-acd3-d2d9bcf72ef1;1;aH2CjAU71600152655861;200;NontargetTrial;1;1;1;14;1;;VP94S94C;90;100;j; ;GHM;80;1996;word;799;1;LOKFÜHRER;word;word
125927;;f1992cb0-4b2b-4b17-acd3-d2d9bcf72ef1;1;aH2CjAU71600152655861;201;NontargetTrial;1;1;1;14;1;;VP94S94C;90;100;j; ;GHM;80;1996;word;1315;1;EISENHART;word;word
125927;;f1992cb0-4b2b-4b17-acd3-d2d9bcf72ef1;1;aH2CjAU71600152655861;202;TargetTrial;1;1;1;14;1;;VP94S94C;90;100;j; ;GHM;80;1996;target;884;1;GAMÜCHLACH;Targetnonword;target
125927;;f1992cb0-4b2b-4b17-acd3-d2d9bcf72ef1;1;aH2CjAU71600152655861;203;NontargetTrial;1;1;1;14;1;;VP94S94C;90;100;j; ;GHM;80;1996;nonword;2827;1;ERBAGANN;nonword;nonword
125927;;f1992cb0-4b2b-4b17-acd3-d2d9bcf72ef1;1;aH2CjAU71600152655861;204;NontargetTrial;1;1;1;14;1;;VP94S94C;90;100;j; ;GHM;80;1996;nonword;986;0;ILLUSTRATION;word;word
125927;;f1992cb0-4b2b-4b17-acd3-d2d9bcf72ef1;1;aH2CjAU71600152655861;205;NontargetTrial;1;1;1;14;1;;VP94S94C;90;100;j; ;GHM;80;1996;nonword;835;1;VIRWOOSAN;nonword;nonword
125927;;f1992cb0-4b2b-4b17-acd3-d2d9bcf72ef1;1;aH2CjAU71600152655861;206;NontargetTrial;1;1;1;14;1;;VP94S94C;90;100;j; ;GHM;80;1996;word;940;1;PLAUSIBEL;word;word
125927;;f1992cb0-4b2b-4b17-acd3-d2d9bcf72ef1;1;aH2CjAU71600152655861;207;NontargetTrial;1;1;1;14;1;;VP94S94C;90;100;j; ;GHM;80;1996;word;1975;1;VERSTRÖMEN;word;word
125927;;f1992cb0-4b2b-4b17-acd3-d2d9bcf72ef1;1;aH2CjAU71600152655861;208;NontargetTrial;1;1;1;14;1;;VP94S94C;90;100;j; ;GHM;80;1996;word;1425;1;UNBEACHTET;word;word
125927;;f1992cb0-4b2b-4b17-acd3-d2d9bcf72ef1;1;aH2CjAU71600152655861;209;NontargetTrial;1;1;1;14;1;;VP94S94C;90;100;j; ;GHM;80;1996;word;1468;1;TEMPERIEREN;word;word
125927;;f1992cb0-4b2b-4b17-acd3-d2d9bcf72ef1;1;aH2CjAU71600152655861;210;NontargetTrial;1;1;1;14;1;;VP94S94C;90;100;j; ;GHM;80;1996;nonword;1508;1;STRUBSUM;nonword;nonword
125927;;f1992cb0-4b2b-4b17-acd3-d2d9bcf72ef1;1;aH2CjAU71600152655861;211;NontargetTrial;1;1;1;14;1;;VP94S94C;90;100;j; ;GHM;80;1996;nonword;863;1;WULLANLÖNGI;nonword;nonword
125927;;f1992cb0-4b2b-4b17-acd3-d2d9bcf72ef1;1;aH2CjAU71600152655861;212;NontargetTrial;1;1;1;14;1;;VP94S94C;90;100;j; ;GHM;80;1996;nonword;1919;1;PFUULSCHASS;nonword;nonword
125927;;f1992cb0-4b2b-4b17-acd3-d2d9bcf72ef1;1;aH2CjAU71600152655861;213;NontargetTrial;1;1;1;14;1;;VP94S94C;90;100;j; ;GHM;80;1996;nonword;954;1;BOSUMRITTI;nonword;nonword
125927;;f1992cb0-4b2b-4b17-acd3-d2d9bcf72ef1;1;aH2CjAU71600152655861;214;NontargetTrial;1;1;1;14;1;;VP94S94C;90;100;j; ;GHM;80;1996;nonword;880;1;TETOLSIUTA;nonword;nonword
125927;;f1992cb0-4b2b-4b17-acd3-d2d9bcf72ef1;1;aH2CjAU71600152655861;215;NontargetTrial;1;1;1;14;1;;VP94S94C;90;100;j; ;GHM;80;1996;nonword;1367;1;ZWUCKWEDREG;nonword;nonword
125927;;f1992cb0-4b2b-4b17-acd3-d2d9bcf72ef1;1;aH2CjAU71600152655861;216;NontargetTrial;1;1;1;14;1;;VP94S94C;90;100;j; ;GHM;80;1996;word;870;1;BENEIDEN;word;word
125927;;f1992cb0-4b2b-4b17-acd3-d2d9bcf72ef1;1;aH2CjAU71600152655861;217;NontargetTrial;1;1;1;14;1;;VP94S94C;90;100;j; ;GHM;80;1996;nonword;1882;1;SCHMUIGSOM;nonword;nonword
125927;;f1992cb0-4b2b-4b17-acd3-d2d9bcf72ef1;1;aH2CjAU71600152655861;218;NontargetTrial;1;1;1;14;1;;VP94S94C;90;100;j; ;GHM;80;1996;word;1987;1;EINGESTEHEN;word;word
125927;;f1992cb0-4b2b-4b17-acd3-d2d9bcf72ef1;1;aH2CjAU71600152655861;219;NontargetTrial;1;1;1;14;1;;VP94S94C;90;100;j; ;GHM;80;1996;word;2451;1;UFERSCHWALBE;word;word
125927;;f1992cb0-4b2b-4b17-acd3-d2d9bcf72ef1;1;aH2CjAU71600152655861;220;NontargetTrial;1;1;1;14;1;;VP94S94C;90;100;j; ;GHM;80;1996;nonword;1534;1;ÖLLOUTONG;nonword;nonword
125927;;f1992cb0-4b2b-4b17-acd3-d2d9bcf72ef1;1;aH2CjAU71600152655861;221;NontargetTrial;1;1;1;14;1;;VP94S94C;90;100;j; ;GHM;80;1996;nonword;1458;1;PRÜZESUIRIN;nonword;nonword
125927;;f1992cb0-4b2b-4b17-acd3-d2d9bcf72ef1;1;aH2CjAU71600152655861;222;NontargetTrial;1;1;1;14;1;;VP94S94C;90;100;j; ;GHM;80;1996;nonword;1352;1;SURVUARURAN;nonword;nonword
125927;;f1992cb0-4b2b-4b17-acd3-d2d9bcf72ef1;1;aH2CjAU71600152655861;223;NontargetTrial;1;1;1;14;1;;VP94S94C;90;100;j; ;GHM;80;1996;nonword;789;0;SUBJEKTSATZ;word;word
125927;;f1992cb0-4b2b-4b17-acd3-d2d9bcf72ef1;1;aH2CjAU71600152655861;224;NontargetTrial;1;1;1;14;1;;VP94S94C;90;100;j; ;GHM;80;1996;word;871;1;IRRATIONAL;word;word
125927;;f1992cb0-4b2b-4b17-acd3-d2d9bcf72ef1;1;aH2CjAU71600152655861;225;NontargetTrial;1;1;1;14;1;;VP94S94C;90;100;j; ;GHM;80;1996;nonword;2935;1;VORSCHNAPFT;nonword;nonword
125927;;f1992cb0-4b2b-4b17-acd3-d2d9bcf72ef1;1;aH2CjAU71600152655861;226;NontargetTrial;1;1;1;14;1;;VP94S94C;90;100;j; ;GHM;80;1996;word;1539;1;ANPRANGERN;word;word
125927;;f1992cb0-4b2b-4b17-acd3-d2d9bcf72ef1;1;aH2CjAU71600152655861;227;NontargetTrial;1;1;1;14;1;;VP94S94C;90;100;j; ;GHM;80;1996;nonword;1339;1;BOPEDORN;nonword;nonword
125927;;f1992cb0-4b2b-4b17-acd3-d2d9bcf72ef1;1;aH2CjAU71600152655861;228;NontargetTrial;1;1;1;14;1;;VP94S94C;90;100;j; ;GHM;80;1996;word;1106;1;VORGESCHMACK;word;word
125927;;f1992cb0-4b2b-4b17-acd3-d2d9bcf72ef1;1;aH2CjAU71600152655861;229;TargetTrial;1;1;1;14;1;;VP94S94C;90;100;j; ;GHM;80;1996;word;781;0;MÜTTERLICH;Targetword;target
125927;;f1992cb0-4b2b-4b17-acd3-d2d9bcf72ef1;1;aH2CjAU71600152655861;230;NontargetTrial;1;1;1;14;1;;VP94S94C;90;100;j; ;GHM;80;1996;nonword;794;1;VITUROCHT;nonword;nonword
125927;;f1992cb0-4b2b-4b17-acd3-d2d9bcf72ef1;1;aH2CjAU71600152655861;231;NontargetTrial;1;1;1;14;1;;VP94S94C;90;100;j; ;GHM;80;1996;nonword;1733;1;TIBEKSDESO;nonword;nonword
125927;;f1992cb0-4b2b-4b17-acd3-d2d9bcf72ef1;1;aH2CjAU71600152655861;232;NontargetTrial;1;1;1;14;1;;VP94S94C;90;100;j; ;GHM;80;1996;word;1140;1;TRIUMPHBOGEN;word;word
125927;;f1992cb0-4b2b-4b17-acd3-d2d9bcf72ef1;1;aH2CjAU71600152655861;233;NontargetTrial;1;1;1;14;1;;VP94S94C;90;100;j; ;GHM;80;1996;nonword;2118;1;LOANONKLOAD;nonword;nonword
125927;;f1992cb0-4b2b-4b17-acd3-d2d9bcf72ef1;1;aH2CjAU71600152655861;234;NontargetTrial;1;1;1;14;1;;VP94S94C;90;100;j; ;GHM;80;1996;nonword;1996;1;ANBISCHULTON;nonword;nonword
125927;;f1992cb0-4b2b-4b17-acd3-d2d9bcf72ef1;1;aH2CjAU71600152655861;235;NontargetTrial;1;1;1;14;1;;VP94S94C;90;100;j; ;GHM;80;1996;word;971;1;BRILLIEREN;word;word
125927;;f1992cb0-4b2b-4b17-acd3-d2d9bcf72ef1;1;aH2CjAU71600152655861;236;NontargetTrial;1;1;1;14;1;;VP94S94C;90;100;j; ;GHM;80;1996;nonword;1615;1;IMPFUNDON;nonword;nonword
125927;;f1992cb0-4b2b-4b17-acd3-d2d9bcf72ef1;1;aH2CjAU71600152655861;237;NontargetTrial;1;1;1;14;1;;VP94S94C;90;100;j; ;GHM;80;1996;nonword;1497;1;OIGONMURK;nonword;nonword
125927;;f1992cb0-4b2b-4b17-acd3-d2d9bcf72ef1;1;aH2CjAU71600152655861;238;NontargetTrial;1;1;1;14;1;;VP94S94C;90;100;j; ;GHM;80;1996;nonword;1738;1;TOURIRZT;nonword;nonword
125927;;f1992cb0-4b2b-4b17-acd3-d2d9bcf72ef1;1;aH2CjAU71600152655861;239;NontargetTrial;1;1;1;14;1;;VP94S94C;90;100;j; ;GHM;80;1996;word;1664;1;EINSTÜRMEN;word;word
125927;;f1992cb0-4b2b-4b17-acd3-d2d9bcf72ef1;1;aH2CjAU71600152655861;240;NontargetTrial;1;1;1;14;1;;VP94S94C;90;100;j; ;GHM;80;1996;word;1313;1;ÜBERMÄCHTIG;word;word
125927;;f1992cb0-4b2b-4b17-acd3-d2d9bcf72ef1;1;aH2CjAU71600152655861;241;NontargetTrial;1;1;1;14;1;;VP94S94C;90;100;j; ;GHM;80;1996;word;902;1;UNBETEILIGT;word;word
125927;;f1992cb0-4b2b-4b17-acd3-d2d9bcf72ef1;1;aH2CjAU71600152655861;242;NontargetTrial;1;1;1;14;1;;VP94S94C;90;100;j; ;GHM;80;1996;nonword;1100;1;VARMIRKING;nonword;nonword
125927;;f1992cb0-4b2b-4b17-acd3-d2d9bcf72ef1;1;aH2CjAU71600152655861;243;NontargetTrial;1;1;1;14;1;;VP94S94C;90;100;j; ;GHM;80;1996;nonword;1222;1;IISSPÄLIN;nonword;nonword
125927;;f1992cb0-4b2b-4b17-acd3-d2d9bcf72ef1;1;aH2CjAU71600152655861;244;NontargetTrial;1;1;1;14;1;;VP94S94C;90;100;j; ;GHM;80;1996;nonword;1675;1;ERBOUTSLIHN;nonword;nonword
125927;;f1992cb0-4b2b-4b17-acd3-d2d9bcf72ef1;1;aH2CjAU71600152655861;245;NontargetTrial;1;1;1;14;1;;VP94S94C;90;100;j; ;GHM;80;1996;nonword;1799;1;TRUMMLOR;nonword;nonword
125927;;f1992cb0-4b2b-4b17-acd3-d2d9bcf72ef1;1;aH2CjAU71600152655861;246;NontargetTrial;1;1;1;14;1;;VP94S94C;90;100;j; ;GHM;80;1996;nonword;1999;1;BOSCHAUNIN;nonword;nonword
125927;;f1992cb0-4b2b-4b17-acd3-d2d9bcf72ef1;1;aH2CjAU71600152655861;247;NontargetTrial;1;1;1;14;1;;VP94S94C;90;100;j; ;GHM;80;1996;nonword;2126;1;RUELSCHILI;nonword;nonword
125927;;f1992cb0-4b2b-4b17-acd3-d2d9bcf72ef1;1;aH2CjAU71600152655861;248;NontargetTrial;1;1;1;14;1;;VP94S94C;90;100;j; ;GHM;80;1996;word;849;1;FAHRPLAN;word;word
125927;;f1992cb0-4b2b-4b17-acd3-d2d9bcf72ef1;1;aH2CjAU71600152655861;249;NontargetTrial;1;1;1;14;1;;VP94S94C;90;100;j; ;GHM;80;1996;nonword;820;1;RAONOURON;nonword;nonword
125927;;f1992cb0-4b2b-4b17-acd3-d2d9bcf72ef1;1;aH2CjAU71600152655861;250;NontargetTrial;1;1;1;14;1;;VP94S94C;90;100;j; ;GHM;80;1996;word;964;1;VERWAIST;word;word
125927;;f1992cb0-4b2b-4b17-acd3-d2d9bcf72ef1;1;aH2CjAU71600152655861;251;NontargetTrial;1;1;1;14;1;;VP94S94C;90;100;j; ;GHM;80;1996;nonword;810;1;NARVUNLAEDAN;nonword;nonword
125927;;f1992cb0-4b2b-4b17-acd3-d2d9bcf72ef1;1;aH2CjAU71600152655861;252;NontargetTrial;1;1;1;14;1;;VP94S94C;90;100;j; ;GHM;80;1996;nonword;1033;1;OIFPROLL;nonword;nonword
125927;;f1992cb0-4b2b-4b17-acd3-d2d9bcf72ef1;1;aH2CjAU71600152655861;253;NontargetTrial;1;1;1;14;1;;VP94S94C;90;100;j; ;GHM;80;1996;nonword;644;1;ODDEURON;nonword;nonword
125927;;f1992cb0-4b2b-4b17-acd3-d2d9bcf72ef1;1;aH2CjAU71600152655861;254;NontargetTrial;1;1;1;14;1;;VP94S94C;90;100;j; ;GHM;80;1996;nonword;1253;1;WÜSCHUROA;nonword;nonword
125927;;f1992cb0-4b2b-4b17-acd3-d2d9bcf72ef1;1;aH2CjAU71600152655861;255;NontargetTrial;1;1;1;14;1;;VP94S94C;90;100;j; ;GHM;80;1996;word;1034;1;AUFSPÜREN;word;word
125927;;f1992cb0-4b2b-4b17-acd3-d2d9bcf72ef1;1;aH2CjAU71600152655861;256;TargetTrial;1;1;1;14;1;;VP94S94C;90;100;j; ;GHM;80;1996;word;964;0;HITZEWELLE;Targetword;target
125927;;f1992cb0-4b2b-4b17-acd3-d2d9bcf72ef1;1;aH2CjAU71600152655861;257;NontargetTrial;1;1;1;14;1;;VP94S94C;90;100;j; ;GHM;80;1996;word;2886;1;AUSGEWACHSEN;word;word
125927;;f1992cb0-4b2b-4b17-acd3-d2d9bcf72ef1;1;aH2CjAU71600152655861;258;NontargetTrial;1;1;1;14;1;;VP94S94C;90;100;j; ;GHM;80;1996;nonword;817;0;KLERIKAL;word;word
125927;;f1992cb0-4b2b-4b17-acd3-d2d9bcf72ef1;1;aH2CjAU71600152655861;259;NontargetTrial;1;1;1;14;1;;VP94S94C;90;100;j; ;GHM;80;1996;word;1318;1;ANSCHLAGEN;word;word
125927;;f1992cb0-4b2b-4b17-acd3-d2d9bcf72ef1;1;aH2CjAU71600152655861;260;NontargetTrial;1;1;1;14;1;;VP94S94C;90;100;j; ;GHM;80;1996;nonword;735;1;SPAKALUIRIN;nonword;nonword
125927;;f1992cb0-4b2b-4b17-acd3-d2d9bcf72ef1;1;aH2CjAU71600152655861;261;NontargetTrial;1;1;1;14;1;;VP94S94C;90;100;j; ;GHM;80;1996;word;968;1;BERICHTIGEN;word;word
125927;;f1992cb0-4b2b-4b17-acd3-d2d9bcf72ef1;1;aH2CjAU71600152655861;262;NontargetTrial;1;1;1;14;1;;VP94S94C;90;100;j; ;GHM;80;1996;word;1053;1;REISEFÜHRER;word;word
125927;;f1992cb0-4b2b-4b17-acd3-d2d9bcf72ef1;1;aH2CjAU71600152655861;263;NontargetTrial;1;1;1;14;1;;VP94S94C;90;100;j; ;GHM;80;1996;word;1200;1;TATKRAFT;word;word
125927;;f1992cb0-4b2b-4b17-acd3-d2d9bcf72ef1;1;aH2CjAU71600152655861;264;NontargetTrial;1;1;1;14;1;;VP94S94C;90;100;j; ;GHM;80;1996;word;692;0;FLUGPLAN;nonword;nonword
125927;;f1992cb0-4b2b-4b17-acd3-d2d9bcf72ef1;1;aH2CjAU71600152655861;265;NontargetTrial;1;1;1;14;1;;VP94S94C;90;100;j; ;GHM;80;1996;word;737;1;FLAUHEIT;word;word
125927;;f1992cb0-4b2b-4b17-acd3-d2d9bcf72ef1;1;aH2CjAU71600152655861;266;NontargetTrial;1;1;1;14;1;;VP94S94C;90;100;j; ;GHM;80;1996;nonword;910;1;ENNIHMBUR;nonword;nonword
125927;;f1992cb0-4b2b-4b17-acd3-d2d9bcf72ef1;1;aH2CjAU71600152655861;267;NontargetTrial;1;1;1;14;1;;VP94S94C;90;100;j; ;GHM;80;1996;nonword;1324;1;FARMILIR;nonword;nonword
125927;;f1992cb0-4b2b-4b17-acd3-d2d9bcf72ef1;1;aH2CjAU71600152655861;268;NontargetTrial;1;1;1;14;1;;VP94S94C;90;100;j; ;GHM;80;1996;word;2619;1;NAMENTLICH;word;word
125927;;f1992cb0-4b2b-4b17-acd3-d2d9bcf72ef1;1;aH2CjAU71600152655861;269;NontargetTrial;1;1;1;14;1;;VP94S94C;90;100;j; ;GHM;80;1996;word;1258;1;ZENTRISCH;word;word
125927;;f1992cb0-4b2b-4b17-acd3-d2d9bcf72ef1;1;aH2CjAU71600152655861;270;NontargetTrial;1;1;1;14;1;;VP94S94C;90;100;j; ;GHM;80;1996;word;1074;1;SACHKENNTNIS;word;word
125927;;f1992cb0-4b2b-4b17-acd3-d2d9bcf72ef1;1;aH2CjAU71600152655861;271;NontargetTrial;1;1;1;14;1;;VP94S94C;90;100;j; ;GHM;80;1996;word;1084;1;ENTSCHÄDIGEN;word;word
125927;;f1992cb0-4b2b-4b17-acd3-d2d9bcf72ef1;1;aH2CjAU71600152655861;272;NontargetTrial;1;1;1;14;1;;VP94S94C;90;100;j; ;GHM;80;1996;word;924;1;VERWEGEN;word;word
125927;;f1992cb0-4b2b-4b17-acd3-d2d9bcf72ef1;1;aH2CjAU71600152655861;273;NontargetTrial;1;1;1;14;1;;VP94S94C;90;100;j; ;GHM;80;1996;word;1021;1;EINTRUDELN;word;word
125927;;f1992cb0-4b2b-4b17-acd3-d2d9bcf72ef1;1;aH2CjAU71600152655861;274;NontargetTrial;1;1;1;14;1;;VP94S94C;90;100;j; ;GHM;80;1996;nonword;830;1;SULBSTSECHUR;nonword;nonword
125927;;f1992cb0-4b2b-4b17-acd3-d2d9bcf72ef1;1;aH2CjAU71600152655861;275;NontargetTrial;1;1;1;14;1;;VP94S94C;90;100;j; ;GHM;80;1996;nonword;1168;1;VURUESONG;nonword;nonword
125927;;f1992cb0-4b2b-4b17-acd3-d2d9bcf72ef1;1;aH2CjAU71600152655861;276;NontargetTrial;1;1;1;14;1;;VP94S94C;90;100;j; ;GHM;80;1996;nonword;596;0;SUKZESSIV;word;word
125927;;f1992cb0-4b2b-4b17-acd3-d2d9bcf72ef1;1;aH2CjAU71600152655861;277;NontargetTrial;1;1;1;14;1;;VP94S94C;90;100;j; ;GHM;80;1996;nonword;3421;0;ÜBERSEEISCH;word;word
125927;;f1992cb0-4b2b-4b17-acd3-d2d9bcf72ef1;1;aH2CjAU71600152655861;278;NontargetTrial;1;1;1;14;1;;VP94S94C;90;100;j; ;GHM;80;1996;nonword;1142;1;DARCHFRIRAN;nonword;nonword
125927;;f1992cb0-4b2b-4b17-acd3-d2d9bcf72ef1;1;aH2CjAU71600152655861;279;NontargetTrial;1;1;1;14;1;;VP94S94C;90;100;j; ;GHM;80;1996;word;1158;1;NOTDÜRFTIG;word;word
125927;;f1992cb0-4b2b-4b17-acd3-d2d9bcf72ef1;1;aH2CjAU71600152655861;280;NontargetTrial;1;1;1;14;1;;VP94S94C;90;100;j; ;GHM;80;1996;nonword;1296;1;STRÜIBAN;nonword;nonword
125927;;f1992cb0-4b2b-4b17-acd3-d2d9bcf72ef1;1;aH2CjAU71600152655861;281;NontargetTrial;1;1;1;14;1;;VP94S94C;90;100;j; ;GHM;80;1996;word;1016;1;FAHRSTUHL;word;word
125927;;f1992cb0-4b2b-4b17-acd3-d2d9bcf72ef1;1;aH2CjAU71600152655861;282;NontargetTrial;1;1;1;14;1;;VP94S94C;90;100;j; ;GHM;80;1996;nonword;923;1;OMDROHAN;nonword;nonword
125927;;f1992cb0-4b2b-4b17-acd3-d2d9bcf72ef1;1;aH2CjAU71600152655861;283;TargetTrial;1;1;1;14;1;;VP94S94C;90;100;j; ;GHM;80;1996;target;912;1;GENIALITÄT;Targetword;target
125927;;f1992cb0-4b2b-4b17-acd3-d2d9bcf72ef1;1;aH2CjAU71600152655861;284;NontargetTrial;1;1;1;14;1;;VP94S94C;90;100;j; ;GHM;80;1996;word;1345;1;ZUTREFFEND;word;word
125927;;f1992cb0-4b2b-4b17-acd3-d2d9bcf72ef1;1;aH2CjAU71600152655861;285;NontargetTrial;1;1;1;14;1;;VP94S94C;90;100;j; ;GHM;80;1996;nonword;722;1;WOCHSILSTRIM;nonword;nonword
125927;;f1992cb0-4b2b-4b17-acd3-d2d9bcf72ef1;1;aH2CjAU71600152655861;286;NontargetTrial;1;1;1;14;1;;VP94S94C;90;100;j; ;GHM;80;1996;word;1184;1;SKILEHRER;word;word
125927;;f1992cb0-4b2b-4b17-acd3-d2d9bcf72ef1;1;aH2CjAU71600152655861;287;NontargetTrial;1;1;1;14;1;;VP94S94C;90;100;j; ;GHM;80;1996;nonword;971;1;STICKDISA;nonword;nonword
125927;;f1992cb0-4b2b-4b17-acd3-d2d9bcf72ef1;1;aH2CjAU71600152655861;288;NontargetTrial;1;1;1;14;1;;VP94S94C;90;100;j; ;GHM;80;1996;nonword;1110;1;ÄBIRRUNNON;nonword;nonword
125927;;f1992cb0-4b2b-4b17-acd3-d2d9bcf72ef1;1;aH2CjAU71600152655861;289;NontargetTrial;1;1;1;14;1;;VP94S94C;90;100;j; ;GHM;80;1996;word;3217;1;LINKSWENDUNG;word;word
125927;;f1992cb0-4b2b-4b17-acd3-d2d9bcf72ef1;1;aH2CjAU71600152655861;290;NontargetTrial;1;1;1;14;1;;VP94S94C;90;100;j; ;GHM;80;1996;nonword;1358;1;SCHÖLCHIN;nonword;nonword
125927;;f1992cb0-4b2b-4b17-acd3-d2d9bcf72ef1;1;aH2CjAU71600152655861;291;NontargetTrial;1;1;1;14;1;;VP94S94C;90;100;j; ;GHM;80;1996;nonword;2334;1;FUENDSCHOFT;nonword;nonword
125927;;f1992cb0-4b2b-4b17-acd3-d2d9bcf72ef1;1;aH2CjAU71600152655861;292;NontargetTrial;1;1;1;14;1;;VP94S94C;90;100;j; ;GHM;80;1996;nonword;2919;1;STUMMFÄHRING;nonword;nonword
125927;;f1992cb0-4b2b-4b17-acd3-d2d9bcf72ef1;1;aH2CjAU71600152655861;293;NontargetTrial;1;1;1;14;1;;VP94S94C;90;100;j; ;GHM;80;1996;nonword;835;0;QUOTIENT;word;word
125927;;f1992cb0-4b2b-4b17-acd3-d2d9bcf72ef1;1;aH2CjAU71600152655861;294;NontargetTrial;1;1;1;14;1;;VP94S94C;90;100;j; ;GHM;80;1996;word;940;1;KALTSTELLEN;word;word
125927;;f1992cb0-4b2b-4b17-acd3-d2d9bcf72ef1;1;aH2CjAU71600152655861;295;NontargetTrial;1;1;1;14;1;;VP94S94C;90;100;j; ;GHM;80;1996;nonword;714;1;OONSINDONG;nonword;nonword
125927;;f1992cb0-4b2b-4b17-acd3-d2d9bcf72ef1;1;aH2CjAU71600152655861;296;NontargetTrial;1;1;1;14;1;;VP94S94C;90;100;j; ;GHM;80;1996;word;2194;1;ABHANDLUNG;word;word
125927;;f1992cb0-4b2b-4b17-acd3-d2d9bcf72ef1;1;aH2CjAU71600152655861;297;NontargetTrial;1;1;1;14;1;;VP94S94C;90;100;j; ;GHM;80;1996;word;785;1;DEKORATION;word;word
125927;;f1992cb0-4b2b-4b17-acd3-d2d9bcf72ef1;1;aH2CjAU71600152655861;298;NontargetTrial;1;1;1;14;1;;VP94S94C;90;100;j; ;GHM;80;1996;nonword;1802;1;RONDGUNG;nonword;nonword
125927;;f1992cb0-4b2b-4b17-acd3-d2d9bcf72ef1;1;aH2CjAU71600152655861;299;NontargetTrial;1;1;1;14;1;;VP94S94C;90;100;j; ;GHM;80;1996;word;1191;1;AKTIENKURS;word;word
125927;;f1992cb0-4b2b-4b17-acd3-d2d9bcf72ef1;1;aH2CjAU71600152655861;300;NontargetTrial;1;1;1;14;1;;VP94S94C;90;100;j; ;GHM;80;1996;word;951;1;ERBRECHT;word;word
125927;;f1992cb0-4b2b-4b17-acd3-d2d9bcf72ef1;1;aH2CjAU71600152655861;301;NontargetTrial;1;1;1;14;1;;VP94S94C;90;100;j; ;GHM;80;1996;nonword;1232;1;SCHAABIDICH;nonword;nonword
125927;;f1992cb0-4b2b-4b17-acd3-d2d9bcf72ef1;1;aH2CjAU71600152655861;302;NontargetTrial;1;1;1;14;1;;VP94S94C;90;100;j; ;GHM;80;1996;nonword;3510;1;FURTWÖHRAND;nonword;nonword
125927;;f1992cb0-4b2b-4b17-acd3-d2d9bcf72ef1;1;aH2CjAU71600152655861;303;NontargetTrial;1;1;1;14;1;;VP94S94C;90;100;j; ;GHM;80;1996;nonword;1083;1;VARUASGUBUN;nonword;nonword
125927;;f1992cb0-4b2b-4b17-acd3-d2d9bcf72ef1;1;aH2CjAU71600152655861;304;NontargetTrial;1;1;1;14;1;;VP94S94C;90;100;j; ;GHM;80;1996;nonword;2682;1;STEMMTEN;nonword;nonword
125927;;f1992cb0-4b2b-4b17-acd3-d2d9bcf72ef1;1;aH2CjAU71600152655861;305;NontargetTrial;1;1;1;14;1;;VP94S94C;90;100;j; ;GHM;80;1996;word;2333;1;UNGELEHRT;word;word
125927;;f1992cb0-4b2b-4b17-acd3-d2d9bcf72ef1;1;aH2CjAU71600152655861;306;NontargetTrial;1;1;1;14;1;;VP94S94C;90;100;j; ;GHM;80;1996;nonword;1569;1;BRACHING;nonword;nonword
125927;;f1992cb0-4b2b-4b17-acd3-d2d9bcf72ef1;1;aH2CjAU71600152655861;307;NontargetTrial;1;1;1;14;1;;VP94S94C;90;100;j; ;GHM;80;1996;nonword;3756;1;SOFTUGKIET;nonword;nonword
125927;;f1992cb0-4b2b-4b17-acd3-d2d9bcf72ef1;1;aH2CjAU71600152655861;308;NontargetTrial;1;1;1;14;1;;VP94S94C;90;100;j; ;GHM;80;1996;word;1380;1;WIEVIELTE;word;word
125927;;f1992cb0-4b2b-4b17-acd3-d2d9bcf72ef1;1;aH2CjAU71600152655861;309;NontargetTrial;1;1;1;14;1;;VP94S94C;90;100;j; ;GHM;80;1996;nonword;1378;1;ZERÖCKZOCKIN;nonword;nonword
125927;;f1992cb0-4b2b-4b17-acd3-d2d9bcf72ef1;1;aH2CjAU71600152655861;310;TargetTrial;1;1;1;14;1;;VP94S94C;90;100;j; ;GHM;80;1996;target;1119;1;HUUMOTLOND;Targetnonword;target
125927;;f1992cb0-4b2b-4b17-acd3-d2d9bcf72ef1;1;aH2CjAU71600152655861;311;NontargetTrial;1;1;1;14;1;;VP94S94C;90;100;j; ;GHM;80;1996;word;1512;1;NIEDERSTE;word;word
125927;;f1992cb0-4b2b-4b17-acd3-d2d9bcf72ef1;1;aH2CjAU71600152655861;312;NontargetTrial;1;1;1;14;1;;VP94S94C;90;100;j; ;GHM;80;1996;nonword;1585;1;UMPRUVESETER;nonword;nonword
125927;;f1992cb0-4b2b-4b17-acd3-d2d9bcf72ef1;1;aH2CjAU71600152655861;313;NontargetTrial;1;1;1;14;1;;VP94S94C;90;100;j; ;GHM;80;1996;word;1271;1;AUGENBRAUE;word;word
125927;;f1992cb0-4b2b-4b17-acd3-d2d9bcf72ef1;1;aH2CjAU71600152655861;314;NontargetTrial;1;1;1;14;1;;VP94S94C;90;100;j; ;GHM;80;1996;word;1790;1;FELGENBREMSE;word;word
125927;;f1992cb0-4b2b-4b17-acd3-d2d9bcf72ef1;1;aH2CjAU71600152655861;315;NontargetTrial;1;1;1;14;1;;VP94S94C;90;100;j; ;GHM;80;1996;nonword;1663;1;RUGINTRIPFUN;nonword;nonword
125927;;f1992cb0-4b2b-4b17-acd3-d2d9bcf72ef1;1;aH2CjAU71600152655861;316;NontargetTrial;1;1;1;14;1;;VP94S94C;90;100;j; ;GHM;80;1996;nonword;1239;1;BOBUKIPF;nonword;nonword
125927;;f1992cb0-4b2b-4b17-acd3-d2d9bcf72ef1;1;aH2CjAU71600152655861;317;NontargetTrial;1;1;1;14;1;;VP94S94C;90;100;j; ;GHM;80;1996;word;1064;1;EINSTAUBEN;word;word
125927;;f1992cb0-4b2b-4b17-acd3-d2d9bcf72ef1;1;aH2CjAU71600152655861;318;NontargetTrial;1;1;1;14;1;;VP94S94C;90;100;j; ;GHM;80;1996;word;1134;1;ANDACHTSVOLL;word;word
125927;;f1992cb0-4b2b-4b17-acd3-d2d9bcf72ef1;1;aH2CjAU71600152655861;319;NontargetTrial;1;1;1;14;1;;VP94S94C;90;100;j; ;GHM;80;1996;word;991;1;ABWEIDEN;word;word
125927;;f1992cb0-4b2b-4b17-acd3-d2d9bcf72ef1;1;aH2CjAU71600152655861;320;NontargetTrial;1;1;1;14;1;;VP94S94C;90;100;j; ;GHM;80;1996;word;1005;1;KÖSTLICH;word;word
125927;;f1992cb0-4b2b-4b17-acd3-d2d9bcf72ef1;1;aH2CjAU71600152655861;321;NontargetTrial;1;1;1;14;1;;VP94S94C;90;100;j; ;GHM;80;1996;nonword;758;1;ÄQAAVULUNZ;nonword;nonword
125927;;f1992cb0-4b2b-4b17-acd3-d2d9bcf72ef1;1;aH2CjAU71600152655861;322;NontargetTrial;1;1;1;14;1;;VP94S94C;90;100;j; ;GHM;80;1996;word;814;1;SPEKTRUM;word;word
125927;;f1992cb0-4b2b-4b17-acd3-d2d9bcf72ef1;1;aH2CjAU71600152655861;323;NontargetTrial;1;1;1;14;1;;VP94S94C;90;100;j; ;GHM;80;1996;word;1441;1;REITSTIEFEL;word;word
125927;;f1992cb0-4b2b-4b17-acd3-d2d9bcf72ef1;1;aH2CjAU71600152655861;324;NontargetTrial;1;1;1;14;1;;VP94S94C;90;100;j; ;GHM;80;1996;word;1761;0;KIRRIKTER;nonword;nonword
125927;;f1992cb0-4b2b-4b17-acd3-d2d9bcf72ef1;1;aH2CjAU71600152655861;325;NontargetTrial;1;1;1;14;1;;VP94S94C;90;100;j; ;GHM;80;1996;word;2015;1;BRÄUTIGAM;word;word
125927;;f1992cb0-4b2b-4b17-acd3-d2d9bcf72ef1;1;aH2CjAU71600152655861;326;NontargetTrial;1;1;1;14;1;;VP94S94C;90;100;j; ;GHM;80;1996;nonword;1078;1;IRSCHÄPFENG;nonword;nonword
125927;;f1992cb0-4b2b-4b17-acd3-d2d9bcf72ef1;1;aH2CjAU71600152655861;327;NontargetTrial;1;1;1;14;1;;VP94S94C;90;100;j; ;GHM;80;1996;word;1262;1;RATSSITZUNG;word;word
125927;;f1992cb0-4b2b-4b17-acd3-d2d9bcf72ef1;1;aH2CjAU71600152655861;328;NontargetTrial;1;1;1;14;1;;VP94S94C;90;100;j; ;GHM;80;1996;word;1221;1;EINSCHENKEN;word;word
125927;;f1992cb0-4b2b-4b17-acd3-d2d9bcf72ef1;1;aH2CjAU71600152655861;329;NontargetTrial;1;1;1;14;1;;VP94S94C;90;100;j; ;GHM;80;1996;word;813;1;ZYLINDER;word;word
125927;;f1992cb0-4b2b-4b17-acd3-d2d9bcf72ef1;1;aH2CjAU71600152655861;330;NontargetTrial;1;1;1;14;1;;VP94S94C;90;100;j; ;GHM;80;1996;nonword;2642;1;WEHNHUFT;nonword;nonword
125927;;f1992cb0-4b2b-4b17-acd3-d2d9bcf72ef1;1;aH2CjAU71600152655861;331;NontargetTrial;1;1;1;14;1;;VP94S94C;90;100;j; ;GHM;80;1996;word;948;1;UNVERLETZT;word;word
125927;;f1992cb0-4b2b-4b17-acd3-d2d9bcf72ef1;1;aH2CjAU71600152655861;332;NontargetTrial;1;1;1;14;1;;VP94S94C;90;100;j; ;GHM;80;1996;nonword;1291;1;WOLDLEIF;nonword;nonword
125927;;f1992cb0-4b2b-4b17-acd3-d2d9bcf72ef1;1;aH2CjAU71600152655861;333;NontargetTrial;1;1;1;14;1;;VP94S94C;90;100;j; ;GHM;80;1996;nonword;927;1;VAZAKONZLUR;nonword;nonword
125927;;f1992cb0-4b2b-4b17-acd3-d2d9bcf72ef1;1;aH2CjAU71600152655861;334;NontargetTrial;1;1;1;14;1;;VP94S94C;90;100;j; ;GHM;80;1996;nonword;808;1;ZAKÄNFTEG;nonword;nonword
125927;;f1992cb0-4b2b-4b17-acd3-d2d9bcf72ef1;1;aH2CjAU71600152655861;335;NontargetTrial;1;1;1;14;1;;VP94S94C;90;100;j; ;GHM;80;1996;nonword;1286;1;UANFECHHAOT;nonword;nonword
125927;;f1992cb0-4b2b-4b17-acd3-d2d9bcf72ef1;1;aH2CjAU71600152655861;336;NontargetTrial;1;1;1;14;1;;VP94S94C;90;100;j; ;GHM;80;1996;word;865;1;STAMMBUCH;word;word
125927;;f1992cb0-4b2b-4b17-acd3-d2d9bcf72ef1;1;aH2CjAU71600152655861;337;TargetTrial;1;1;1;14;1;;VP94S94C;90;100;j; ;GHM;80;1996;nonword;684;0;HULDUNAPAS;Targetnonword;target
125927;;f1992cb0-4b2b-4b17-acd3-d2d9bcf72ef1;1;aH2CjAU71600152655861;338;NontargetTrial;1;1;1;14;1;;VP94S94C;90;100;j; ;GHM;80;1996;nonword;699;1;BLUEBOIRA;nonword;nonword
125927;;f1992cb0-4b2b-4b17-acd3-d2d9bcf72ef1;1;aH2CjAU71600152655861;339;NontargetTrial;1;1;1;14;1;;VP94S94C;90;100;j; ;GHM;80;1996;nonword;640;1;VARGRIBIN;nonword;nonword
125927;;f1992cb0-4b2b-4b17-acd3-d2d9bcf72ef1;1;aH2CjAU71600152655861;340;NontargetTrial;1;1;1;14;1;;VP94S94C;90;100;j; ;GHM;80;1996;nonword;631;1;ÖBURBUCKIN;nonword;nonword
125927;;f1992cb0-4b2b-4b17-acd3-d2d9bcf72ef1;1;aH2CjAU71600152655861;341;NontargetTrial;1;1;1;14;1;;VP94S94C;90;100;j; ;GHM;80;1996;nonword;1402;1;STOCHOLN;nonword;nonword
125927;;f1992cb0-4b2b-4b17-acd3-d2d9bcf72ef1;1;aH2CjAU71600152655861;342;NontargetTrial;1;1;1;14;1;;VP94S94C;90;100;j; ;GHM;80;1996;word;1432;1;SCHMÄLERN;word;word
125927;;f1992cb0-4b2b-4b17-acd3-d2d9bcf72ef1;1;aH2CjAU71600152655861;343;NontargetTrial;1;1;1;14;1;;VP94S94C;90;100;j; ;GHM;80;1996;nonword;743;1;LAKELATÖT;nonword;nonword
125927;;f1992cb0-4b2b-4b17-acd3-d2d9bcf72ef1;1;aH2CjAU71600152655861;344;NontargetTrial;1;1;1;14;1;;VP94S94C;90;100;j; ;GHM;80;1996;word;2197;1;PORTRÄTIST;word;word
125927;;f1992cb0-4b2b-4b17-acd3-d2d9bcf72ef1;1;aH2CjAU71600152655861;345;NontargetTrial;1;1;1;14;1;;VP94S94C;90;100;j; ;GHM;80;1996;word;1477;1;KOORDINATOR;word;word
125927;;f1992cb0-4b2b-4b17-acd3-d2d9bcf72ef1;1;aH2CjAU71600152655861;346;NontargetTrial;1;1;1;14;1;;VP94S94C;90;100;j; ;GHM;80;1996;nonword;1222;1;BUHÜRDLACH;nonword;nonword
125927;;f1992cb0-4b2b-4b17-acd3-d2d9bcf72ef1;1;aH2CjAU71600152655861;347;NontargetTrial;1;1;1;14;1;;VP94S94C;90;100;j; ;GHM;80;1996;word;1156;1;ABSCHÜRFUNG;word;word
125927;;f1992cb0-4b2b-4b17-acd3-d2d9bcf72ef1;1;aH2CjAU71600152655861;348;NontargetTrial;1;1;1;14;1;;VP94S94C;90;100;j; ;GHM;80;1996;nonword;1618;1;BURGWURK;nonword;nonword
125927;;f1992cb0-4b2b-4b17-acd3-d2d9bcf72ef1;1;aH2CjAU71600152655861;349;NontargetTrial;1;1;1;14;1;;VP94S94C;90;100;j; ;GHM;80;1996;nonword;1005;1;ÜBORMUTTLONG;nonword;nonword
125927;;f1992cb0-4b2b-4b17-acd3-d2d9bcf72ef1;1;aH2CjAU71600152655861;350;NontargetTrial;1;1;1;14;1;;VP94S94C;90;100;j; ;GHM;80;1996;word;1052;1;IDEALISTISCH;word;word
125927;;f1992cb0-4b2b-4b17-acd3-d2d9bcf72ef1;1;aH2CjAU71600152655861;351;NontargetTrial;1;1;1;14;1;;VP94S94C;90;100;j; ;GHM;80;1996;word;975;1;WAHLSIEG;word;word
125927;;f1992cb0-4b2b-4b17-acd3-d2d9bcf72ef1;1;aH2CjAU71600152655861;352;NontargetTrial;1;1;1;14;1;;VP94S94C;90;100;j; ;GHM;80;1996;word;2154;1;FASCHINGSZUG;word;word
125927;;f1992cb0-4b2b-4b17-acd3-d2d9bcf72ef1;1;aH2CjAU71600152655861;353;NontargetTrial;1;1;1;14;1;;VP94S94C;90;100;j; ;GHM;80;1996;word;1063;1;AUSHORCHEN;word;word
125927;;f1992cb0-4b2b-4b17-acd3-d2d9bcf72ef1;1;aH2CjAU71600152655861;354;NontargetTrial;1;1;1;14;1;;VP94S94C;90;100;j; ;GHM;80;1996;word;1483;1;ZENTRALORGAN;word;word
125927;;f1992cb0-4b2b-4b17-acd3-d2d9bcf72ef1;1;aH2CjAU71600152655861;355;NontargetTrial;1;1;1;14;1;;VP94S94C;90;100;j; ;GHM;80;1996;word;1032;1;BEKLEMMUNG;word;word
125927;;f1992cb0-4b2b-4b17-acd3-d2d9bcf72ef1;1;aH2CjAU71600152655861;356;NontargetTrial;1;1;1;14;1;;VP94S94C;90;100;j; ;GHM;80;1996;word;1390;1;VERÄNDERBAR;word;word
125927;;f1992cb0-4b2b-4b17-acd3-d2d9bcf72ef1;1;aH2CjAU71600152655861;357;NontargetTrial;1;1;1;14;1;;VP94S94C;90;100;j; ;GHM;80;1996;nonword;1373;1;ZWAUSIUTOG;nonword;nonword
125927;;f1992cb0-4b2b-4b17-acd3-d2d9bcf72ef1;1;aH2CjAU71600152655861;358;NontargetTrial;1;1;1;14;1;;VP94S94C;90;100;j; ;GHM;80;1996;nonword;985;1;IBSPRING;nonword;nonword
125927;;f1992cb0-4b2b-4b17-acd3-d2d9bcf72ef1;1;aH2CjAU71600152655861;359;NontargetTrial;1;1;1;14;1;;VP94S94C;90;100;j; ;GHM;80;1996;nonword;1267;1;CHROSTAN;nonword;nonword
125927;;f1992cb0-4b2b-4b17-acd3-d2d9bcf72ef1;1;aH2CjAU71600152655861;360;NontargetTrial;1;1;1;14;1;;VP94S94C;90;100;j; ;GHM;80;1996;nonword;1392;1;VORLEUROR;nonword;nonword
125927;;f1992cb0-4b2b-4b17-acd3-d2d9bcf72ef1;1;aH2CjAU71600152655861;361;NontargetTrial;1;1;1;14;1;;VP94S94C;90;100;j; ;GHM;80;1996;word;1133;1;UNKOSTEN;word;word
125927;;f1992cb0-4b2b-4b17-acd3-d2d9bcf72ef1;1;aH2CjAU71600152655861;362;NontargetTrial;1;1;1;14;1;;VP94S94C;90;100;j; ;GHM;80;1996;word;1060;1;ZWEIHÄNDER;word;word
125927;;f1992cb0-4b2b-4b17-acd3-d2d9bcf72ef1;1;aH2CjAU71600152655861;363;NontargetTrial;1;1;1;14;1;;VP94S94C;90;100;j; ;GHM;80;1996;nonword;1120;1;OBGAWANNIN;nonword;nonword
125927;;f1992cb0-4b2b-4b17-acd3-d2d9bcf72ef1;1;aH2CjAU71600152655861;364;TargetTrial;1;1;1;14;1;;VP94S94C;90;100;j; ;GHM;80;1996;nonword;1540;0;METSCHÄLAR;Targetnonword;target