userCode;extId;moduleId;sessionId;sessionToken;trialId;executableId;module.PracticeLevelHandler.counter;module.PracticeLevelHandler.totalScore;module.PracticeLevelHandler.maxScore;module.PracticeLevelHandler.currentLevel;session.complete;session.condition;session.SessionID.sessionCode;session.PercentageKeep.sessionCode;session.ImportanceNontargets.sessionCode;session.MonetaryMotivation.sessionCode;session.Remember.sessionCode;session.ActionRecall.sessionCode;session.TargetRecall.sessionCode;session.ImportanceTargets.sessionCode;session.Birthyear.sessionCode;givenResponse;reactionTime;score;stimulusValue;stimulusType;correctResponse
126527;;721e38ca-1148-478e-a5d9-38981ff74d24;1;J6VFFMPw1601459725441;1;PracticeTrials;1;1;1;14;1;;VP114S114G;0;100;90;j;Leertaste;GMW;90;1995;nonword;2295;1;BAFÜHEGING;nonword;nonword
126527;;721e38ca-1148-478e-a5d9-38981ff74d24;1;J6VFFMPw1601459725441;2;PracticeTrials;1;1;1;14;1;;VP114S114G;0;100;90;j;Leertaste;GMW;90;1995;nonword;1167;1;UBZEILON;nonword;nonword
126527;;721e38ca-1148-478e-a5d9-38981ff74d24;1;J6VFFMPw1601459725441;3;PracticeTrials;1;1;1;14;1;;VP114S114G;0;100;90;j;Leertaste;GMW;90;1995;word;1275;1;ZURÜCKLIEGEN;word;word
126527;;721e38ca-1148-478e-a5d9-38981ff74d24;1;J6VFFMPw1601459725441;4;PracticeTrials;1;1;1;14;1;;VP114S114G;0;100;90;j;Leertaste;GMW;90;1995;nonword;923;1;FREGIRIO;nonword;nonword
126527;;721e38ca-1148-478e-a5d9-38981ff74d24;1;J6VFFMPw1601459725441;5;PracticeTrials;1;1;1;14;1;;VP114S114G;0;100;90;j;Leertaste;GMW;90;1995;nonword;1044;1;INKINNTNOS;nonword;nonword
126527;;721e38ca-1148-478e-a5d9-38981ff74d24;1;J6VFFMPw1601459725441;6;PracticeTrials;1;1;1;14;1;;VP114S114G;0;100;90;j;Leertaste;GMW;90;1995;word;810;1;STUDIERENDE;word;word
126527;;721e38ca-1148-478e-a5d9-38981ff74d24;1;J6VFFMPw1601459725441;7;PracticeTrials;1;1;1;14;1;;VP114S114G;0;100;90;j;Leertaste;GMW;90;1995;nonword;821;1;FROEMÖTUG;nonword;nonword
126527;;721e38ca-1148-478e-a5d9-38981ff74d24;1;J6VFFMPw1601459725441;8;PracticeTrials;1;1;1;14;1;;VP114S114G;0;100;90;j;Leertaste;GMW;90;1995;word;791;1;EINGLIEDERN;word;word
126527;;721e38ca-1148-478e-a5d9-38981ff74d24;1;J6VFFMPw1601459725441;9;PracticeTrials;1;1;1;14;1;;VP114S114G;0;100;90;j;Leertaste;GMW;90;1995;nonword;929;1;ONBAZOHLBER;nonword;nonword
126527;;721e38ca-1148-478e-a5d9-38981ff74d24;1;J6VFFMPw1601459725441;10;PracticeTrials;1;1;1;14;1;;VP114S114G;0;100;90;j;Leertaste;GMW;90;1995;word;944;1;ERLAHMEN;word;word
126527;;721e38ca-1148-478e-a5d9-38981ff74d24;1;J6VFFMPw1601459725441;11;PracticeTrials;1;1;1;14;1;;VP114S114G;0;100;90;j;Leertaste;GMW;90;1995;word;1086;1;AUSAGIEREN;word;word
126527;;721e38ca-1148-478e-a5d9-38981ff74d24;1;J6VFFMPw1601459725441;12;PracticeTrials;1;1;1;14;1;;VP114S114G;0;100;90;j;Leertaste;GMW;90;1995;nonword;1088;1;WANDBAATIL;nonword;nonword
126527;;721e38ca-1148-478e-a5d9-38981ff74d24;1;J6VFFMPw1601459725441;13;PracticeTrials;1;1;1;14;1;;VP114S114G;0;100;90;j;Leertaste;GMW;90;1995;word;762;1;LEBENSRAUM;word;word
126527;;721e38ca-1148-478e-a5d9-38981ff74d24;1;J6VFFMPw1601459725441;14;PracticeTrials;1;1;1;14;1;;VP114S114G;0;100;90;j;Leertaste;GMW;90;1995;word;640;1;AUSBLICK;word;word
126527;;721e38ca-1148-478e-a5d9-38981ff74d24;1;J6VFFMPw1601459725441;15;PracticeTrials;1;1;1;14;1;;VP114S114G;0;100;90;j;Leertaste;GMW;90;1995;nonword;713;1;IBKÜMMIN;nonword;nonword
126527;;721e38ca-1148-478e-a5d9-38981ff74d24;1;J6VFFMPw1601459725441;16;PracticeTrials;1;1;1;14;1;;VP114S114G;0;100;90;j;Leertaste;GMW;90;1995;word;791;1;SPEISEKARTE;word;word
126527;;721e38ca-1148-478e-a5d9-38981ff74d24;1;J6VFFMPw1601459725441;17;PracticeTrials;1;1;1;14;1;;VP114S114G;0;100;90;j;Leertaste;GMW;90;1995;nonword;1017;1;ENGUHENDORT;nonword;nonword
126527;;721e38ca-1148-478e-a5d9-38981ff74d24;1;J6VFFMPw1601459725441;18;PracticeTrials;1;1;1;14;1;;VP114S114G;0;100;90;j;Leertaste;GMW;90;1995;word;1504;1;FESTIVITÄT;word;word
126527;;721e38ca-1148-478e-a5d9-38981ff74d24;1;J6VFFMPw1601459725441;19;PracticeTrials;1;1;1;14;1;;VP114S114G;0;100;90;j;Leertaste;GMW;90;1995;word;1084;1;WIDERWILLIG;word;word
126527;;721e38ca-1148-478e-a5d9-38981ff74d24;1;J6VFFMPw1601459725441;20;PracticeTrials;1;1;1;14;1;;VP114S114G;0;100;90;j;Leertaste;GMW;90;1995;nonword;1505;1;SCHRAFTBALD;nonword;nonword
126527;;721e38ca-1148-478e-a5d9-38981ff74d24;1;J6VFFMPw1601459725441;21;PracticeTrials;1;1;1;14;1;;VP114S114G;0;100;90;j;Leertaste;GMW;90;1995;nonword;1060;1;VIRBIAMURSCH;nonword;nonword
126527;;721e38ca-1148-478e-a5d9-38981ff74d24;1;J6VFFMPw1601459725441;22;PracticeTrials;1;1;1;14;1;;VP114S114G;0;100;90;j;Leertaste;GMW;90;1995;word;1331;1;EINTRÄCHTIG;word;word
126527;;721e38ca-1148-478e-a5d9-38981ff74d24;1;J6VFFMPw1601459725441;23;PracticeTrials;1;1;1;14;1;;VP114S114G;0;100;90;j;Leertaste;GMW;90;1995;word;1129;1;ABSOLUTION;word;word
126527;;721e38ca-1148-478e-a5d9-38981ff74d24;1;J6VFFMPw1601459725441;24;PracticeTrials;1;1;1;14;1;;VP114S114G;0;100;90;j;Leertaste;GMW;90;1995;word;808;1;STRÄFLING;word;word
126527;;721e38ca-1148-478e-a5d9-38981ff74d24;1;J6VFFMPw1601459725441;25;PracticeTrials;1;1;1;14;1;;VP114S114G;0;100;90;j;Leertaste;GMW;90;1995;nonword;809;1;IEFTIULONG;nonword;nonword
126527;;721e38ca-1148-478e-a5d9-38981ff74d24;1;J6VFFMPw1601459725441;26;PracticeTrials;1;1;1;14;1;;VP114S114G;0;100;90;j;Leertaste;GMW;90;1995;word;1328;1;VERNEIGEN;word;word
126527;;721e38ca-1148-478e-a5d9-38981ff74d24;1;J6VFFMPw1601459725441;27;PracticeTrials;1;1;1;14;1;;VP114S114G;0;100;90;j;Leertaste;GMW;90;1995;nonword;1177;1;CHIETOSCH;nonword;nonword
126527;;721e38ca-1148-478e-a5d9-38981ff74d24;1;J6VFFMPw1601459725441;28;PracticeTrials;1;1;1;14;1;;VP114S114G;0;100;90;j;Leertaste;GMW;90;1995;nonword;899;1;SOEBURKOET;nonword;nonword
126527;;721e38ca-1148-478e-a5d9-38981ff74d24;1;J6VFFMPw1601459725441;29;PracticeTrials;1;1;1;14;1;;VP114S114G;0;100;90;j;Leertaste;GMW;90;1995;word;832;1;SPEISEWÜRZE;word;word
126527;;721e38ca-1148-478e-a5d9-38981ff74d24;1;J6VFFMPw1601459725441;30;PracticeTrials;1;1;1;14;1;;VP114S114G;0;100;90;j;Leertaste;GMW;90;1995;word;1025;1;WÄRMFLASCHE;word;word
126527;;721e38ca-1148-478e-a5d9-38981ff74d24;1;J6VFFMPw1601459725441;31;PracticeTrials;1;1;1;14;1;;VP114S114G;0;100;90;j;Leertaste;GMW;90;1995;nonword;2992;0;SILBERBROKAT;word;word
126527;;721e38ca-1148-478e-a5d9-38981ff74d24;1;J6VFFMPw1601459725441;32;PracticeTrials;1;1;1;14;1;;VP114S114G;0;100;90;j;Leertaste;GMW;90;1995;nonword;1643;1;DIRCHTRUNNT;nonword;nonword
126527;;721e38ca-1148-478e-a5d9-38981ff74d24;1;J6VFFMPw1601459725441;33;PracticeTrials;1;1;1;14;1;;VP114S114G;0;100;90;j;Leertaste;GMW;90;1995;nonword;1193;1;IBBOIWÄRDAG;nonword;nonword
126527;;721e38ca-1148-478e-a5d9-38981ff74d24;1;J6VFFMPw1601459725441;34;PracticeTrials;1;1;1;14;1;;VP114S114G;0;100;90;j;Leertaste;GMW;90;1995;word;1659;1;TATEINHEIT;word;word
126527;;721e38ca-1148-478e-a5d9-38981ff74d24;1;J6VFFMPw1601459725441;35;PracticeTrials;1;1;1;14;1;;VP114S114G;0;100;90;j;Leertaste;GMW;90;1995;nonword;1426;1;KEBERITT;nonword;nonword
126527;;721e38ca-1148-478e-a5d9-38981ff74d24;1;J6VFFMPw1601459725441;36;PracticeTrials;1;1;1;14;1;;VP114S114G;0;100;90;j;Leertaste;GMW;90;1995;word;1640;1;ATTRIBUTSATZ;word;word
126527;;721e38ca-1148-478e-a5d9-38981ff74d24;1;J6VFFMPw1601459725441;37;PracticeTrials;1;1;1;14;1;;VP114S114G;0;100;90;j;Leertaste;GMW;90;1995;word;1291;1;UNVERSTELLT;word;word
126527;;721e38ca-1148-478e-a5d9-38981ff74d24;1;J6VFFMPw1601459725441;38;PracticeTrials;1;1;1;14;1;;VP114S114G;0;100;90;j;Leertaste;GMW;90;1995;nonword;1758;1;STIENBITT;nonword;nonword
126527;;721e38ca-1148-478e-a5d9-38981ff74d24;1;J6VFFMPw1601459725441;39;PracticeTrials;1;1;1;14;1;;VP114S114G;0;100;90;j;Leertaste;GMW;90;1995;nonword;973;1;ULLIUNGUNG;nonword;nonword
126527;;721e38ca-1148-478e-a5d9-38981ff74d24;1;J6VFFMPw1601459725441;40;PracticeTrials;1;1;1;14;1;;VP114S114G;0;100;90;j;Leertaste;GMW;90;1995;nonword;1732;1;STÖCKWAUSU;nonword;nonword
126527;;721e38ca-1148-478e-a5d9-38981ff74d24;1;J6VFFMPw1601459725441;41;NontargetTrial;1;1;1;14;1;;VP114S114G;0;100;90;j;Leertaste;GMW;90;1995;nonword;1571;1;SPAKALUIRIN;nonword;nonword
126527;;721e38ca-1148-478e-a5d9-38981ff74d24;1;J6VFFMPw1601459725441;42;NontargetTrial;1;1;1;14;1;;VP114S114G;0;100;90;j;Leertaste;GMW;90;1995;word;1695;1;FÜNFTAUSEND;word;word
126527;;721e38ca-1148-478e-a5d9-38981ff74d24;1;J6VFFMPw1601459725441;43;NontargetTrial;1;1;1;14;1;;VP114S114G;0;100;90;j;Leertaste;GMW;90;1995;word;1730;1;NACHTPORTIER;word;word
126527;;721e38ca-1148-478e-a5d9-38981ff74d24;1;J6VFFMPw1601459725441;44;NontargetTrial;1;1;1;14;1;;VP114S114G;0;100;90;j;Leertaste;GMW;90;1995;nonword;1232;1;KAEPIROTEV;nonword;nonword
126527;;721e38ca-1148-478e-a5d9-38981ff74d24;1;J6VFFMPw1601459725441;45;NontargetTrial;1;1;1;14;1;;VP114S114G;0;100;90;j;Leertaste;GMW;90;1995;nonword;1367;1;KIHLAPUPOUR;nonword;nonword
126527;;721e38ca-1148-478e-a5d9-38981ff74d24;1;J6VFFMPw1601459725441;46;NontargetTrial;1;1;1;14;1;;VP114S114G;0;100;90;j;Leertaste;GMW;90;1995;word;3557;1;ÜBERSEEISCH;word;word
126527;;721e38ca-1148-478e-a5d9-38981ff74d24;1;J6VFFMPw1601459725441;47;NontargetTrial;1;1;1;14;1;;VP114S114G;0;100;90;j;Leertaste;GMW;90;1995;nonword;1605;1;DARCHFRIRAN;nonword;nonword
126527;;721e38ca-1148-478e-a5d9-38981ff74d24;1;J6VFFMPw1601459725441;48;NontargetTrial;1;1;1;14;1;;VP114S114G;0;100;90;j;Leertaste;GMW;90;1995;word;1293;1;IDEALISTISCH;word;word
126527;;721e38ca-1148-478e-a5d9-38981ff74d24;1;J6VFFMPw1601459725441;49;NontargetTrial;1;1;1;14;1;;VP114S114G;0;100;90;j;Leertaste;GMW;90;1995;nonword;1229;1;VIRWOOSAN;nonword;nonword
126527;;721e38ca-1148-478e-a5d9-38981ff74d24;1;J6VFFMPw1601459725441;50;NontargetTrial;1;1;1;14;1;;VP114S114G;0;100;90;j;Leertaste;GMW;90;1995;word;1152;1;DANKSAGEN;word;word
126527;;721e38ca-1148-478e-a5d9-38981ff74d24;1;J6VFFMPw1601459725441;51;NontargetTrial;1;1;1;14;1;;VP114S114G;0;100;90;j;Leertaste;GMW;90;1995;word;1768;1;ZUROLLEN;word;word
126527;;721e38ca-1148-478e-a5d9-38981ff74d24;1;J6VFFMPw1601459725441;52;NontargetTrial;1;1;1;14;1;;VP114S114G;0;100;90;j;Leertaste;GMW;90;1995;nonword;3825;1;VORLEUROR;nonword;nonword
126527;;721e38ca-1148-478e-a5d9-38981ff74d24;1;J6VFFMPw1601459725441;53;NontargetTrial;1;1;1;14;1;;VP114S114G;0;100;90;j;Leertaste;GMW;90;1995;nonword;1469;1;VARMIRKING;nonword;nonword
126527;;721e38ca-1148-478e-a5d9-38981ff74d24;1;J6VFFMPw1601459725441;54;NontargetTrial;1;1;1;14;1;;VP114S114G;0;100;90;j;Leertaste;GMW;90;1995;word;1002;1;IRRITIEREN;word;word
126527;;721e38ca-1148-478e-a5d9-38981ff74d24;1;J6VFFMPw1601459725441;55;NontargetTrial;1;1;1;14;1;;VP114S114G;0;100;90;j;Leertaste;GMW;90;1995;word;2171;1;UMZÄUNUNG;word;word
126527;;721e38ca-1148-478e-a5d9-38981ff74d24;1;J6VFFMPw1601459725441;56;NontargetTrial;1;1;1;14;1;;VP114S114G;0;100;90;j;Leertaste;GMW;90;1995;nonword;1699;1;CHROSTAN;nonword;nonword
126527;;721e38ca-1148-478e-a5d9-38981ff74d24;1;J6VFFMPw1601459725441;57;NontargetTrial;1;1;1;14;1;;VP114S114G;0;100;90;j;Leertaste;GMW;90;1995;nonword;1454;1;SCHÖLCHIN;nonword;nonword
126527;;721e38ca-1148-478e-a5d9-38981ff74d24;1;J6VFFMPw1601459725441;58;NontargetTrial;1;1;1;14;1;;VP114S114G;0;100;90;j;Leertaste;GMW;90;1995;nonword;2709;1;BOSCHAUNIN;nonword;nonword
126527;;721e38ca-1148-478e-a5d9-38981ff74d24;1;J6VFFMPw1601459725441;59;NontargetTrial;1;1;1;14;1;;VP114S114G;0;100;90;j;Leertaste;GMW;90;1995;word;1559;1;AUGENBRAUE;word;word
126527;;721e38ca-1148-478e-a5d9-38981ff74d24;1;J6VFFMPw1601459725441;60;NontargetTrial;1;1;1;14;1;;VP114S114G;0;100;90;j;Leertaste;GMW;90;1995;nonword;1861;1;KINJIGETUEN;nonword;nonword
126527;;721e38ca-1148-478e-a5d9-38981ff74d24;1;J6VFFMPw1601459725441;61;NontargetTrial;1;1;1;14;1;;VP114S114G;0;100;90;j;Leertaste;GMW;90;1995;word;1165;1;NOTDÜRFTIG;word;word
126527;;721e38ca-1148-478e-a5d9-38981ff74d24;1;J6VFFMPw1601459725441;62;NontargetTrial;1;1;1;14;1;;VP114S114G;0;100;90;j;Leertaste;GMW;90;1995;nonword;2087;1;RIHRKAHLO;nonword;nonword
126527;;721e38ca-1148-478e-a5d9-38981ff74d24;1;J6VFFMPw1601459725441;63;NontargetTrial;1;1;1;14;1;;VP114S114G;0;100;90;j;Leertaste;GMW;90;1995;word;1050;1;UNIVERSELL;word;word
126527;;721e38ca-1148-478e-a5d9-38981ff74d24;1;J6VFFMPw1601459725441;64;NontargetTrial;1;1;1;14;1;;VP114S114G;0;100;90;j;Leertaste;GMW;90;1995;word;2266;1;CHRISTENHEIT;word;word
126527;;721e38ca-1148-478e-a5d9-38981ff74d24;1;J6VFFMPw1601459725441;65;NontargetTrial;1;1;1;14;1;;VP114S114G;0;100;90;j;Leertaste;GMW;90;1995;nonword;999;1;VAZAKONZLUR;nonword;nonword
126527;;721e38ca-1148-478e-a5d9-38981ff74d24;1;J6VFFMPw1601459725441;66;NontargetTrial;1;1;1;14;1;;VP114S114G;0;100;90;j;Leertaste;GMW;90;1995;nonword;3026;1;ZWAUSIUTOG;nonword;nonword
126527;;721e38ca-1148-478e-a5d9-38981ff74d24;1;J6VFFMPw1601459725441;67;TargetTrial;1;1;1;14;1;;VP114S114G;0;100;90;j;Leertaste;GMW;90;1995;nonword;2460;0;HULDUNAPAS;Targetnonword;target
126527;;721e38ca-1148-478e-a5d9-38981ff74d24;1;J6VFFMPw1601459725441;68;NontargetTrial;1;1;1;14;1;;VP114S114G;0;100;90;j;Leertaste;GMW;90;1995;word;5861;1;KALTSTELLEN;word;word
126527;;721e38ca-1148-478e-a5d9-38981ff74d24;1;J6VFFMPw1601459725441;69;NontargetTrial;1;1;1;14;1;;VP114S114G;0;100;90;j;Leertaste;GMW;90;1995;nonword;1328;1;BIOIRDNANG;nonword;nonword
126527;;721e38ca-1148-478e-a5d9-38981ff74d24;1;J6VFFMPw1601459725441;70;NontargetTrial;1;1;1;14;1;;VP114S114G;0;100;90;j;Leertaste;GMW;90;1995;target;1703;0;VORSPRUCH;word;word
126527;;721e38ca-1148-478e-a5d9-38981ff74d24;1;J6VFFMPw1601459725441;71;NontargetTrial;1;1;1;14;1;;VP114S114G;0;100;90;j;Leertaste;GMW;90;1995;word;2606;1;VASELINE;word;word
126527;;721e38ca-1148-478e-a5d9-38981ff74d24;1;J6VFFMPw1601459725441;72;NontargetTrial;1;1;1;14;1;;VP114S114G;0;100;90;j;Leertaste;GMW;90;1995;word;2258;1;ÜBERMÄCHTIG;word;word
126527;;721e38ca-1148-478e-a5d9-38981ff74d24;1;J6VFFMPw1601459725441;73;NontargetTrial;1;1;1;14;1;;VP114S114G;0;100;90;j;Leertaste;GMW;90;1995;nonword;1288;1;IISSPÄLIN;nonword;nonword
126527;;721e38ca-1148-478e-a5d9-38981ff74d24;1;J6VFFMPw1601459725441;74;NontargetTrial;1;1;1;14;1;;VP114S114G;0;100;90;j;Leertaste;GMW;90;1995;word;1059;1;DEKORATION;word;word
126527;;721e38ca-1148-478e-a5d9-38981ff74d24;1;J6VFFMPw1601459725441;75;NontargetTrial;1;1;1;14;1;;VP114S114G;0;100;90;j;Leertaste;GMW;90;1995;word;1466;1;KAPITULIEREN;word;word
126527;;721e38ca-1148-478e-a5d9-38981ff74d24;1;J6VFFMPw1601459725441;76;NontargetTrial;1;1;1;14;1;;VP114S114G;0;100;90;j;Leertaste;GMW;90;1995;nonword;6209;1;NERDIERUPI;nonword;nonword
126527;;721e38ca-1148-478e-a5d9-38981ff74d24;1;J6VFFMPw1601459725441;77;NontargetTrial;1;1;1;14;1;;VP114S114G;0;100;90;j;Leertaste;GMW;90;1995;nonword;830;1;UESRIAFIN;nonword;nonword
126527;;721e38ca-1148-478e-a5d9-38981ff74d24;1;J6VFFMPw1601459725441;78;NontargetTrial;1;1;1;14;1;;VP114S114G;0;100;90;j;Leertaste;GMW;90;1995;nonword;1490;1;IBSPRING;nonword;nonword
126527;;721e38ca-1148-478e-a5d9-38981ff74d24;1;J6VFFMPw1601459725441;79;NontargetTrial;1;1;1;14;1;;VP114S114G;0;100;90;j;Leertaste;GMW;90;1995;word;2021;1;ÖKUMENISCH;word;word
126527;;721e38ca-1148-478e-a5d9-38981ff74d24;1;J6VFFMPw1601459725441;80;NontargetTrial;1;1;1;14;1;;VP114S114G;0;100;90;j;Leertaste;GMW;90;1995;nonword;1135;1;BAFÄRWIRTOR;nonword;nonword
126527;;721e38ca-1148-478e-a5d9-38981ff74d24;1;J6VFFMPw1601459725441;81;NontargetTrial;1;1;1;14;1;;VP114S114G;0;100;90;j;Leertaste;GMW;90;1995;nonword;981;0;OMNIPOTENZ;word;word
126527;;721e38ca-1148-478e-a5d9-38981ff74d24;1;J6VFFMPw1601459725441;82;NontargetTrial;1;1;1;14;1;;VP114S114G;0;100;90;j;Leertaste;GMW;90;1995;nonword;1450;1;STOPTÜNZUR;nonword;nonword
126527;;721e38ca-1148-478e-a5d9-38981ff74d24;1;J6VFFMPw1601459725441;83;NontargetTrial;1;1;1;14;1;;VP114S114G;0;100;90;j;Leertaste;GMW;90;1995;nonword;4240;1;FURTWÖHRAND;nonword;nonword
126527;;721e38ca-1148-478e-a5d9-38981ff74d24;1;J6VFFMPw1601459725441;84;NontargetTrial;1;1;1;14;1;;VP114S114G;0;100;90;j;Leertaste;GMW;90;1995;word;1212;1;ANPRANGERN;word;word
126527;;721e38ca-1148-478e-a5d9-38981ff74d24;1;J6VFFMPw1601459725441;85;NontargetTrial;1;1;1;14;1;;VP114S114G;0;100;90;j;Leertaste;GMW;90;1995;word;1739;1;AMPHIBISCH;word;word
126527;;721e38ca-1148-478e-a5d9-38981ff74d24;1;J6VFFMPw1601459725441;86;NontargetTrial;1;1;1;14;1;;VP114S114G;0;100;90;j;Leertaste;GMW;90;1995;word;888;1;TATKRAFT;word;word
126527;;721e38ca-1148-478e-a5d9-38981ff74d24;1;J6VFFMPw1601459725441;87;NontargetTrial;1;1;1;14;1;;VP114S114G;0;100;90;j;Leertaste;GMW;90;1995;word;3274;1;UNKOSTEN;word;word
126527;;721e38ca-1148-478e-a5d9-38981ff74d24;1;J6VFFMPw1601459725441;88;NontargetTrial;1;1;1;14;1;;VP114S114G;0;100;90;j;Leertaste;GMW;90;1995;word;1465;1;BRÄUTIGAM;word;word
126527;;721e38ca-1148-478e-a5d9-38981ff74d24;1;J6VFFMPw1601459725441;89;NontargetTrial;1;1;1;14;1;;VP114S114G;0;100;90;j;Leertaste;GMW;90;1995;nonword;3278;1;KUKISPILMI;nonword;nonword
126527;;721e38ca-1148-478e-a5d9-38981ff74d24;1;J6VFFMPw1601459725441;90;NontargetTrial;1;1;1;14;1;;VP114S114G;0;100;90;j;Leertaste;GMW;90;1995;word;1671;1;EINSTÜRMEN;word;word
126527;;721e38ca-1148-478e-a5d9-38981ff74d24;1;J6VFFMPw1601459725441;91;NontargetTrial;1;1;1;14;1;;VP114S114G;0;100;90;j;Leertaste;GMW;90;1995;word;1645;1;ZENTRALORGAN;word;word
126527;;721e38ca-1148-478e-a5d9-38981ff74d24;1;J6VFFMPw1601459725441;92;NontargetTrial;1;1;1;14;1;;VP114S114G;0;100;90;j;Leertaste;GMW;90;1995;nonword;1711;1;VITUROCHT;nonword;nonword
126527;;721e38ca-1148-478e-a5d9-38981ff74d24;1;J6VFFMPw1601459725441;93;NontargetTrial;1;1;1;14;1;;VP114S114G;0;100;90;j;Leertaste;GMW;90;1995;word;1460;1;ARTEFAKT;word;word
126527;;721e38ca-1148-478e-a5d9-38981ff74d24;1;J6VFFMPw1601459725441;94;TargetTrial;1;1;1;14;1;;VP114S114G;0;100;90;j;Leertaste;GMW;90;1995;word;1005;0;MÜTTERLICH;Targetword;target
126527;;721e38ca-1148-478e-a5d9-38981ff74d24;1;J6VFFMPw1601459725441;95;NontargetTrial;1;1;1;14;1;;VP114S114G;0;100;90;j;Leertaste;GMW;90;1995;word;1451;1;ERKÄLTUNG;word;word
126527;;721e38ca-1148-478e-a5d9-38981ff74d24;1;J6VFFMPw1601459725441;96;NontargetTrial;1;1;1;14;1;;VP114S114G;0;100;90;j;Leertaste;GMW;90;1995;nonword;1681;1;IENSCHRUATON;nonword;nonword
126527;;721e38ca-1148-478e-a5d9-38981ff74d24;1;J6VFFMPw1601459725441;97;NontargetTrial;1;1;1;14;1;;VP114S114G;0;100;90;j;Leertaste;GMW;90;1995;word;1763;1;ABSETZUNG;word;word
126527;;721e38ca-1148-478e-a5d9-38981ff74d24;1;J6VFFMPw1601459725441;98;NontargetTrial;1;1;1;14;1;;VP114S114G;0;100;90;j;Leertaste;GMW;90;1995;word;792;1;ANSCHLAGEN;word;word
126527;;721e38ca-1148-478e-a5d9-38981ff74d24;1;J6VFFMPw1601459725441;99;NontargetTrial;1;1;1;14;1;;VP114S114G;0;100;90;j;Leertaste;GMW;90;1995;word;1884;1;SZENISCH;word;word
126527;;721e38ca-1148-478e-a5d9-38981ff74d24;1;J6VFFMPw1601459725441;100;NontargetTrial;1;1;1;14;1;;VP114S114G;0;100;90;j;Leertaste;GMW;90;1995;word;1199;1;REISEFÜHRER;word;word
126527;;721e38ca-1148-478e-a5d9-38981ff74d24;1;J6VFFMPw1601459725441;101;NontargetTrial;1;1;1;14;1;;VP114S114G;0;100;90;j;Leertaste;GMW;90;1995;nonword;2247;1;ZAKÄNFTEG;nonword;nonword
126527;;721e38ca-1148-478e-a5d9-38981ff74d24;1;J6VFFMPw1601459725441;102;NontargetTrial;1;1;1;14;1;;VP114S114G;0;100;90;j;Leertaste;GMW;90;1995;nonword;1089;1;TOURIRZT;nonword;nonword
126527;;721e38ca-1148-478e-a5d9-38981ff74d24;1;J6VFFMPw1601459725441;103;NontargetTrial;1;1;1;14;1;;VP114S114G;0;100;90;j;Leertaste;GMW;90;1995;nonword;3865;1;EBNAHMIRLEND;nonword;nonword
126527;;721e38ca-1148-478e-a5d9-38981ff74d24;1;J6VFFMPw1601459725441;104;NontargetTrial;1;1;1;14;1;;VP114S114G;0;100;90;j;Leertaste;GMW;90;1995;nonword;1696;1;BOBUKIPF;nonword;nonword
126527;;721e38ca-1148-478e-a5d9-38981ff74d24;1;J6VFFMPw1601459725441;105;NontargetTrial;1;1;1;14;1;;VP114S114G;0;100;90;j;Leertaste;GMW;90;1995;word;1109;1;BRATSCHE;word;word
126527;;721e38ca-1148-478e-a5d9-38981ff74d24;1;J6VFFMPw1601459725441;106;NontargetTrial;1;1;1;14;1;;VP114S114G;0;100;90;j;Leertaste;GMW;90;1995;nonword;2107;1;ONBOWUCHT;nonword;nonword
126527;;721e38ca-1148-478e-a5d9-38981ff74d24;1;J6VFFMPw1601459725441;107;NontargetTrial;1;1;1;14;1;;VP114S114G;0;100;90;j;Leertaste;GMW;90;1995;word;3234;1;SCHIFFSBRIEF;word;word
126527;;721e38ca-1148-478e-a5d9-38981ff74d24;1;J6VFFMPw1601459725441;108;NontargetTrial;1;1;1;14;1;;VP114S114G;0;100;90;j;Leertaste;GMW;90;1995;word;902;1;ÜBERREDUNG;word;word
126527;;721e38ca-1148-478e-a5d9-38981ff74d24;1;J6VFFMPw1601459725441;109;NontargetTrial;1;1;1;14;1;;VP114S114G;0;100;90;j;Leertaste;GMW;90;1995;nonword;1031;0;ANWENDBAR;word;word
126527;;721e38ca-1148-478e-a5d9-38981ff74d24;1;J6VFFMPw1601459725441;110;NontargetTrial;1;1;1;14;1;;VP114S114G;0;100;90;j;Leertaste;GMW;90;1995;nonword;1408;1;STIDTGABOIT;nonword;nonword
126527;;721e38ca-1148-478e-a5d9-38981ff74d24;1;J6VFFMPw1601459725441;111;NontargetTrial;1;1;1;14;1;;VP114S114G;0;100;90;j;Leertaste;GMW;90;1995;word;1098;0;STEMMTEN;nonword;nonword
126527;;721e38ca-1148-478e-a5d9-38981ff74d24;1;J6VFFMPw1601459725441;112;NontargetTrial;1;1;1;14;1;;VP114S114G;0;100;90;j;Leertaste;GMW;90;1995;nonword;1518;1;STRUBSUM;nonword;nonword
126527;;721e38ca-1148-478e-a5d9-38981ff74d24;1;J6VFFMPw1601459725441;113;NontargetTrial;1;1;1;14;1;;VP114S114G;0;100;90;j;Leertaste;GMW;90;1995;word;1132;1;RATSSITZUNG;word;word
126527;;721e38ca-1148-478e-a5d9-38981ff74d24;1;J6VFFMPw1601459725441;114;NontargetTrial;1;1;1;14;1;;VP114S114G;0;100;90;j;Leertaste;GMW;90;1995;nonword;1022;1;RAONOURON;nonword;nonword
126527;;721e38ca-1148-478e-a5d9-38981ff74d24;1;J6VFFMPw1601459725441;115;NontargetTrial;1;1;1;14;1;;VP114S114G;0;100;90;j;Leertaste;GMW;90;1995;word;1436;1;AUSGEWACHSEN;word;word
126527;;721e38ca-1148-478e-a5d9-38981ff74d24;1;J6VFFMPw1601459725441;116;NontargetTrial;1;1;1;14;1;;VP114S114G;0;100;90;j;Leertaste;GMW;90;1995;word;918;1;ZENTRISCH;word;word
126527;;721e38ca-1148-478e-a5d9-38981ff74d24;1;J6VFFMPw1601459725441;117;NontargetTrial;1;1;1;14;1;;VP114S114G;0;100;90;j;Leertaste;GMW;90;1995;nonword;1233;1;IRSCHÄPFENG;nonword;nonword
126527;;721e38ca-1148-478e-a5d9-38981ff74d24;1;J6VFFMPw1601459725441;118;NontargetTrial;1;1;1;14;1;;VP114S114G;0;100;90;j;Leertaste;GMW;90;1995;word;1607;1;QUOTIENT;word;word
126527;;721e38ca-1148-478e-a5d9-38981ff74d24;1;J6VFFMPw1601459725441;119;NontargetTrial;1;1;1;14;1;;VP114S114G;0;100;90;j;Leertaste;GMW;90;1995;nonword;1664;1;ÖBURBUCKIN;nonword;nonword
126527;;721e38ca-1148-478e-a5d9-38981ff74d24;1;J6VFFMPw1601459725441;120;NontargetTrial;1;1;1;14;1;;VP114S114G;0;100;90;j;Leertaste;GMW;90;1995;word;1838;1;BEKLEMMUNG;word;word
126527;;721e38ca-1148-478e-a5d9-38981ff74d24;1;J6VFFMPw1601459725441;121;TargetTrial;1;1;1;14;1;;VP114S114G;0;100;90;j;Leertaste;GMW;90;1995;target;3067;1;MASKIERUNG;Targetword;target
126527;;721e38ca-1148-478e-a5d9-38981ff74d24;1;J6VFFMPw1601459725441;122;NontargetTrial;1;1;1;14;1;;VP114S114G;0;100;90;j;Leertaste;GMW;90;1995;nonword;892;1;VIRLÜEFUR;nonword;nonword
126527;;721e38ca-1148-478e-a5d9-38981ff74d24;1;J6VFFMPw1601459725441;123;NontargetTrial;1;1;1;14;1;;VP114S114G;0;100;90;j;Leertaste;GMW;90;1995;nonword;545;1;VIRJÜHRAG;nonword;nonword
126527;;721e38ca-1148-478e-a5d9-38981ff74d24;1;J6VFFMPw1601459725441;124;NontargetTrial;1;1;1;14;1;;VP114S114G;0;100;90;j;Leertaste;GMW;90;1995;word;819;1;ZYLINDER;word;word
126527;;721e38ca-1148-478e-a5d9-38981ff74d24;1;J6VFFMPw1601459725441;125;NontargetTrial;1;1;1;14;1;;VP114S114G;0;100;90;j;Leertaste;GMW;90;1995;target;4492;0;RUELSCHILI;nonword;nonword
126527;;721e38ca-1148-478e-a5d9-38981ff74d24;1;J6VFFMPw1601459725441;126;NontargetTrial;1;1;1;14;1;;VP114S114G;0;100;90;j;Leertaste;GMW;90;1995;nonword;3073;1;KIRRIKTER;nonword;nonword
126527;;721e38ca-1148-478e-a5d9-38981ff74d24;1;J6VFFMPw1601459725441;127;NontargetTrial;1;1;1;14;1;;VP114S114G;0;100;90;j;Leertaste;GMW;90;1995;nonword;6085;1;RUGINTRIPFUN;nonword;nonword
126527;;721e38ca-1148-478e-a5d9-38981ff74d24;1;J6VFFMPw1601459725441;128;NontargetTrial;1;1;1;14;1;;VP114S114G;0;100;90;j;Leertaste;GMW;90;1995;word;1790;1;ANPACKEN;word;word
126527;;721e38ca-1148-478e-a5d9-38981ff74d24;1;J6VFFMPw1601459725441;129;NontargetTrial;1;1;1;14;1;;VP114S114G;0;100;90;j;Leertaste;GMW;90;1995;nonword;2835;1;INMARKLACH;nonword;nonword
126527;;721e38ca-1148-478e-a5d9-38981ff74d24;1;J6VFFMPw1601459725441;130;NontargetTrial;1;1;1;14;1;;VP114S114G;0;100;90;j;Leertaste;GMW;90;1995;word;756;1;OPTIMIEREN;word;word
126527;;721e38ca-1148-478e-a5d9-38981ff74d24;1;J6VFFMPw1601459725441;131;NontargetTrial;1;1;1;14;1;;VP114S114G;0;100;90;j;Leertaste;GMW;90;1995;nonword;1271;1;TETOLSIUTA;nonword;nonword
126527;;721e38ca-1148-478e-a5d9-38981ff74d24;1;J6VFFMPw1601459725441;132;NontargetTrial;1;1;1;14;1;;VP114S114G;0;100;90;j;Leertaste;GMW;90;1995;nonword;1282;1;IMPFUNDON;nonword;nonword
126527;;721e38ca-1148-478e-a5d9-38981ff74d24;1;J6VFFMPw1601459725441;133;NontargetTrial;1;1;1;14;1;;VP114S114G;0;100;90;j;Leertaste;GMW;90;1995;word;1359;1;ZWEIGSTELLE;word;word
126527;;721e38ca-1148-478e-a5d9-38981ff74d24;1;J6VFFMPw1601459725441;134;NontargetTrial;1;1;1;14;1;;VP114S114G;0;100;90;j;Leertaste;GMW;90;1995;nonword;1247;1;BOPEDORN;nonword;nonword
126527;;721e38ca-1148-478e-a5d9-38981ff74d24;1;J6VFFMPw1601459725441;135;NontargetTrial;1;1;1;14;1;;VP114S114G;0;100;90;j;Leertaste;GMW;90;1995;word;1875;1;SPUKGESTALT;word;word
126527;;721e38ca-1148-478e-a5d9-38981ff74d24;1;J6VFFMPw1601459725441;136;NontargetTrial;1;1;1;14;1;;VP114S114G;0;100;90;j;Leertaste;GMW;90;1995;word;2142;1;BERICHTIGEN;word;word
126527;;721e38ca-1148-478e-a5d9-38981ff74d24;1;J6VFFMPw1601459725441;137;NontargetTrial;1;1;1;14;1;;VP114S114G;0;100;90;j;Leertaste;GMW;90;1995;word;1443;1;FAHRPLAN;word;word
126527;;721e38ca-1148-478e-a5d9-38981ff74d24;1;J6VFFMPw1601459725441;138;NontargetTrial;1;1;1;14;1;;VP114S114G;0;100;90;j;Leertaste;GMW;90;1995;nonword;968;1;LASOACKU;nonword;nonword
126527;;721e38ca-1148-478e-a5d9-38981ff74d24;1;J6VFFMPw1601459725441;139;NontargetTrial;1;1;1;14;1;;VP114S114G;0;100;90;j;Leertaste;GMW;90;1995;nonword;913;1;ÖLLOUTONG;nonword;nonword
126527;;721e38ca-1148-478e-a5d9-38981ff74d24;1;J6VFFMPw1601459725441;140;NontargetTrial;1;1;1;14;1;;VP114S114G;0;100;90;j;Leertaste;GMW;90;1995;word;753;1;STEHLAMPE;word;word
126527;;721e38ca-1148-478e-a5d9-38981ff74d24;1;J6VFFMPw1601459725441;141;NontargetTrial;1;1;1;14;1;;VP114S114G;0;100;90;j;Leertaste;GMW;90;1995;nonword;787;1;UXPIRTOIR;nonword;nonword
126527;;721e38ca-1148-478e-a5d9-38981ff74d24;1;J6VFFMPw1601459725441;142;NontargetTrial;1;1;1;14;1;;VP114S114G;0;100;90;j;Leertaste;GMW;90;1995;nonword;750;1;ÖBIRRUECH;nonword;nonword
126527;;721e38ca-1148-478e-a5d9-38981ff74d24;1;J6VFFMPw1601459725441;143;NontargetTrial;1;1;1;14;1;;VP114S114G;0;100;90;j;Leertaste;GMW;90;1995;nonword;1905;1;BURGWURK;nonword;nonword
126527;;721e38ca-1148-478e-a5d9-38981ff74d24;1;J6VFFMPw1601459725441;144;NontargetTrial;1;1;1;14;1;;VP114S114G;0;100;90;j;Leertaste;GMW;90;1995;nonword;854;1;OONSINDONG;nonword;nonword
126527;;721e38ca-1148-478e-a5d9-38981ff74d24;1;J6VFFMPw1601459725441;145;NontargetTrial;1;1;1;14;1;;VP114S114G;0;100;90;j;Leertaste;GMW;90;1995;nonword;1221;1;BRINDBLISU;nonword;nonword
126527;;721e38ca-1148-478e-a5d9-38981ff74d24;1;J6VFFMPw1601459725441;146;NontargetTrial;1;1;1;14;1;;VP114S114G;0;100;90;j;Leertaste;GMW;90;1995;word;1205;1;AUSSCHNEIDEN;word;word
126527;;721e38ca-1148-478e-a5d9-38981ff74d24;1;J6VFFMPw1601459725441;147;NontargetTrial;1;1;1;14;1;;VP114S114G;0;100;90;j;Leertaste;GMW;90;1995;nonword;913;1;UNTHISOOSMES;nonword;nonword
126527;;721e38ca-1148-478e-a5d9-38981ff74d24;1;J6VFFMPw1601459725441;148;TargetTrial;1;1;1;14;1;;VP114S114G;0;100;90;j;Leertaste;GMW;90;1995;word;1962;0;HAFENSTADT;Targetword;target
126527;;721e38ca-1148-478e-a5d9-38981ff74d24;1;J6VFFMPw1601459725441;149;NontargetTrial;1;1;1;14;1;;VP114S114G;0;100;90;j;Leertaste;GMW;90;1995;nonword;1306;1;VURUESONG;nonword;nonword
126527;;721e38ca-1148-478e-a5d9-38981ff74d24;1;J6VFFMPw1601459725441;150;NontargetTrial;1;1;1;14;1;;VP114S114G;0;100;90;j;Leertaste;GMW;90;1995;nonword;2699;0;FLAUHEIT;word;word
126527;;721e38ca-1148-478e-a5d9-38981ff74d24;1;J6VFFMPw1601459725441;151;NontargetTrial;1;1;1;14;1;;VP114S114G;0;100;90;j;Leertaste;GMW;90;1995;nonword;5710;0;EISENHART;word;word
126527;;721e38ca-1148-478e-a5d9-38981ff74d24;1;J6VFFMPw1601459725441;152;NontargetTrial;1;1;1;14;1;;VP114S114G;0;100;90;j;Leertaste;GMW;90;1995;nonword;3725;0;SPONTANEITÄT;word;word
126527;;721e38ca-1148-478e-a5d9-38981ff74d24;1;J6VFFMPw1601459725441;153;NontargetTrial;1;1;1;14;1;;VP114S114G;0;100;90;j;Leertaste;GMW;90;1995;nonword;1426;1;KIRTINHIES;nonword;nonword
126527;;721e38ca-1148-478e-a5d9-38981ff74d24;1;J6VFFMPw1601459725441;154;NontargetTrial;1;1;1;14;1;;VP114S114G;0;100;90;j;Leertaste;GMW;90;1995;word;1784;1;UNVERLETZT;word;word
126527;;721e38ca-1148-478e-a5d9-38981ff74d24;1;J6VFFMPw1601459725441;155;NontargetTrial;1;1;1;14;1;;VP114S114G;0;100;90;j;Leertaste;GMW;90;1995;nonword;2068;1;ZERÖCKZOCKIN;nonword;nonword
126527;;721e38ca-1148-478e-a5d9-38981ff74d24;1;J6VFFMPw1601459725441;156;NontargetTrial;1;1;1;14;1;;VP114S114G;0;100;90;j;Leertaste;GMW;90;1995;word;1846;1;VORGESCHMACK;word;word
126527;;721e38ca-1148-478e-a5d9-38981ff74d24;1;J6VFFMPw1601459725441;157;NontargetTrial;1;1;1;14;1;;VP114S114G;0;100;90;j;Leertaste;GMW;90;1995;nonword;1445;1;TEAFPONKT;nonword;nonword
126527;;721e38ca-1148-478e-a5d9-38981ff74d24;1;J6VFFMPw1601459725441;158;NontargetTrial;1;1;1;14;1;;VP114S114G;0;100;90;j;Leertaste;GMW;90;1995;nonword;1304;1;SURVUARURAN;nonword;nonword
126527;;721e38ca-1148-478e-a5d9-38981ff74d24;1;J6VFFMPw1601459725441;159;NontargetTrial;1;1;1;14;1;;VP114S114G;0;100;90;j;Leertaste;GMW;90;1995;nonword;1118;1;TIBEKSDESO;nonword;nonword
126527;;721e38ca-1148-478e-a5d9-38981ff74d24;1;J6VFFMPw1601459725441;160;NontargetTrial;1;1;1;14;1;;VP114S114G;0;100;90;j;Leertaste;GMW;90;1995;nonword;1145;1;OBGAWANNIN;nonword;nonword
126527;;721e38ca-1148-478e-a5d9-38981ff74d24;1;J6VFFMPw1601459725441;161;NontargetTrial;1;1;1;14;1;;VP114S114G;0;100;90;j;Leertaste;GMW;90;1995;word;1115;1;ABWASSER;word;word
126527;;721e38ca-1148-478e-a5d9-38981ff74d24;1;J6VFFMPw1601459725441;162;NontargetTrial;1;1;1;14;1;;VP114S114G;0;100;90;j;Leertaste;GMW;90;1995;nonword;1350;1;IRGRUMMUN;nonword;nonword
126527;;721e38ca-1148-478e-a5d9-38981ff74d24;1;J6VFFMPw1601459725441;163;NontargetTrial;1;1;1;14;1;;VP114S114G;0;100;90;j;Leertaste;GMW;90;1995;nonword;892;1;OIFPROLL;nonword;nonword
126527;;721e38ca-1148-478e-a5d9-38981ff74d24;1;J6VFFMPw1601459725441;164;NontargetTrial;1;1;1;14;1;;VP114S114G;0;100;90;j;Leertaste;GMW;90;1995;nonword;1063;1;ÄBIRRUNNON;nonword;nonword
126527;;721e38ca-1148-478e-a5d9-38981ff74d24;1;J6VFFMPw1601459725441;165;NontargetTrial;1;1;1;14;1;;VP114S114G;0;100;90;j;Leertaste;GMW;90;1995;word;1718;1;ENTMUTIGEN;word;word
126527;;721e38ca-1148-478e-a5d9-38981ff74d24;1;J6VFFMPw1601459725441;166;NontargetTrial;1;1;1;14;1;;VP114S114G;0;100;90;j;Leertaste;GMW;90;1995;nonword;1234;1;ZIRWÄRFNES;nonword;nonword
126527;;721e38ca-1148-478e-a5d9-38981ff74d24;1;J6VFFMPw1601459725441;167;NontargetTrial;1;1;1;14;1;;VP114S114G;0;100;90;j;Leertaste;GMW;90;1995;word;2123;1;BENEIDEN;word;word
126527;;721e38ca-1148-478e-a5d9-38981ff74d24;1;J6VFFMPw1601459725441;168;NontargetTrial;1;1;1;14;1;;VP114S114G;0;100;90;j;Leertaste;GMW;90;1995;nonword;1031;1;RONDGUNG;nonword;nonword
126527;;721e38ca-1148-478e-a5d9-38981ff74d24;1;J6VFFMPw1601459725441;169;NontargetTrial;1;1;1;14;1;;VP114S114G;0;100;90;j;Leertaste;GMW;90;1995;nonword;1314;1;SCHAABIDICH;nonword;nonword
126527;;721e38ca-1148-478e-a5d9-38981ff74d24;1;J6VFFMPw1601459725441;170;NontargetTrial;1;1;1;14;1;;VP114S114G;0;100;90;j;Leertaste;GMW;90;1995;word;1011;1;BAUSTOFF;word;word
126527;;721e38ca-1148-478e-a5d9-38981ff74d24;1;J6VFFMPw1601459725441;171;NontargetTrial;1;1;1;14;1;;VP114S114G;0;100;90;j;Leertaste;GMW;90;1995;nonword;940;1;ZEFÖHRANG;nonword;nonword
126527;;721e38ca-1148-478e-a5d9-38981ff74d24;1;J6VFFMPw1601459725441;172;NontargetTrial;1;1;1;14;1;;VP114S114G;0;100;90;j;Leertaste;GMW;90;1995;word;1687;1;FASCHINGSZUG;word;word
126527;;721e38ca-1148-478e-a5d9-38981ff74d24;1;J6VFFMPw1601459725441;173;NontargetTrial;1;1;1;14;1;;VP114S114G;0;100;90;j;Leertaste;GMW;90;1995;nonword;1880;1;SUMENTASCH;nonword;nonword
126527;;721e38ca-1148-478e-a5d9-38981ff74d24;1;J6VFFMPw1601459725441;174;NontargetTrial;1;1;1;14;1;;VP114S114G;0;100;90;j;Leertaste;GMW;90;1995;nonword;1438;1;PALOURON;nonword;nonword
126527;;721e38ca-1148-478e-a5d9-38981ff74d24;1;J6VFFMPw1601459725441;175;TargetTrial;1;1;1;14;1;;VP114S114G;0;100;90;j;Leertaste;GMW;90;1995;target;3505;1;MIRGINLEFT;Targetnonword;target
126527;;721e38ca-1148-478e-a5d9-38981ff74d24;1;J6VFFMPw1601459725441;176;NontargetTrial;1;1;1;14;1;;VP114S114G;0;100;90;j;Leertaste;GMW;90;1995;word;1138;1;ENTSCHÄDIGEN;word;word
126527;;721e38ca-1148-478e-a5d9-38981ff74d24;1;J6VFFMPw1601459725441;177;NontargetTrial;1;1;1;14;1;;VP114S114G;0;100;90;j;Leertaste;GMW;90;1995;word;1025;1;VORBEIKOMMEN;word;word
126527;;721e38ca-1148-478e-a5d9-38981ff74d24;1;J6VFFMPw1601459725441;178;NontargetTrial;1;1;1;14;1;;VP114S114G;0;100;90;j;Leertaste;GMW;90;1995;word;1096;1;EINSPRINGEN;word;word
126527;;721e38ca-1148-478e-a5d9-38981ff74d24;1;J6VFFMPw1601459725441;179;NontargetTrial;1;1;1;14;1;;VP114S114G;0;100;90;j;Leertaste;GMW;90;1995;word;1628;1;REITSTIEFEL;word;word
126527;;721e38ca-1148-478e-a5d9-38981ff74d24;1;J6VFFMPw1601459725441;180;NontargetTrial;1;1;1;14;1;;VP114S114G;0;100;90;j;Leertaste;GMW;90;1995;nonword;1963;1;FARMILIR;nonword;nonword
126527;;721e38ca-1148-478e-a5d9-38981ff74d24;1;J6VFFMPw1601459725441;181;NontargetTrial;1;1;1;14;1;;VP114S114G;0;100;90;j;Leertaste;GMW;90;1995;nonword;1704;1;FUENDSCHOFT;nonword;nonword
126527;;721e38ca-1148-478e-a5d9-38981ff74d24;1;J6VFFMPw1601459725441;182;NontargetTrial;1;1;1;14;1;;VP114S114G;0;100;90;j;Leertaste;GMW;90;1995;word;1622;1;DREISTUFIG;word;word
126527;;721e38ca-1148-478e-a5d9-38981ff74d24;1;J6VFFMPw1601459725441;183;NontargetTrial;1;1;1;14;1;;VP114S114G;0;100;90;j;Leertaste;GMW;90;1995;word;1842;1;ANDERSWOHIN;word;word
126527;;721e38ca-1148-478e-a5d9-38981ff74d24;1;J6VFFMPw1601459725441;184;NontargetTrial;1;1;1;14;1;;VP114S114G;0;100;90;j;Leertaste;GMW;90;1995;word;1151;1;SPARFLAMME;word;word
126527;;721e38ca-1148-478e-a5d9-38981ff74d24;1;J6VFFMPw1601459725441;185;NontargetTrial;1;1;1;14;1;;VP114S114G;0;100;90;j;Leertaste;GMW;90;1995;nonword;1170;1;WIOTORGAHUND;nonword;nonword
126527;;721e38ca-1148-478e-a5d9-38981ff74d24;1;J6VFFMPw1601459725441;186;NontargetTrial;1;1;1;14;1;;VP114S114G;0;100;90;j;Leertaste;GMW;90;1995;nonword;1882;1;SOFTUGKIET;nonword;nonword
126527;;721e38ca-1148-478e-a5d9-38981ff74d24;1;J6VFFMPw1601459725441;187;NontargetTrial;1;1;1;14;1;;VP114S114G;0;100;90;j;Leertaste;GMW;90;1995;word;1369;1;AUSPUMPEN;word;word
126527;;721e38ca-1148-478e-a5d9-38981ff74d24;1;J6VFFMPw1601459725441;188;NontargetTrial;1;1;1;14;1;;VP114S114G;0;100;90;j;Leertaste;GMW;90;1995;word;1943;1;VERSTRÖMEN;word;word
126527;;721e38ca-1148-478e-a5d9-38981ff74d24;1;J6VFFMPw1601459725441;189;NontargetTrial;1;1;1;14;1;;VP114S114G;0;100;90;j;Leertaste;GMW;90;1995;word;1652;1;ANLEHNUNG;word;word
126527;;721e38ca-1148-478e-a5d9-38981ff74d24;1;J6VFFMPw1601459725441;190;NontargetTrial;1;1;1;14;1;;VP114S114G;0;100;90;j;Leertaste;GMW;90;1995;nonword;1422;1;NARVUNLAEDAN;nonword;nonword
126527;;721e38ca-1148-478e-a5d9-38981ff74d24;1;J6VFFMPw1601459725441;191;NontargetTrial;1;1;1;14;1;;VP114S114G;0;100;90;j;Leertaste;GMW;90;1995;word;1460;1;EINSTAUBEN;word;word
126527;;721e38ca-1148-478e-a5d9-38981ff74d24;1;J6VFFMPw1601459725441;192;NontargetTrial;1;1;1;14;1;;VP114S114G;0;100;90;j;Leertaste;GMW;90;1995;word;949;1;UNVERGESSEN;word;word
126527;;721e38ca-1148-478e-a5d9-38981ff74d24;1;J6VFFMPw1601459725441;193;NontargetTrial;1;1;1;14;1;;VP114S114G;0;100;90;j;Leertaste;GMW;90;1995;nonword;1246;1;SCHLUOURHUFT;nonword;nonword
126527;;721e38ca-1148-478e-a5d9-38981ff74d24;1;J6VFFMPw1601459725441;194;NontargetTrial;1;1;1;14;1;;VP114S114G;0;100;90;j;Leertaste;GMW;90;1995;nonword;1151;1;VOTELOTÖT;nonword;nonword
126527;;721e38ca-1148-478e-a5d9-38981ff74d24;1;J6VFFMPw1601459725441;195;NontargetTrial;1;1;1;14;1;;VP114S114G;0;100;90;j;Leertaste;GMW;90;1995;nonword;1554;1;ERBAGANN;nonword;nonword
126527;;721e38ca-1148-478e-a5d9-38981ff74d24;1;J6VFFMPw1601459725441;196;NontargetTrial;1;1;1;14;1;;VP114S114G;0;100;90;j;Leertaste;GMW;90;1995;nonword;1177;1;LOANONKLOAD;nonword;nonword
126527;;721e38ca-1148-478e-a5d9-38981ff74d24;1;J6VFFMPw1601459725441;197;NontargetTrial;1;1;1;14;1;;VP114S114G;0;100;90;j;Leertaste;GMW;90;1995;nonword;1505;1;ANTURIRDNIND;nonword;nonword
126527;;721e38ca-1148-478e-a5d9-38981ff74d24;1;J6VFFMPw1601459725441;198;NontargetTrial;1;1;1;14;1;;VP114S114G;0;100;90;j;Leertaste;GMW;90;1995;nonword;4590;1;VORSCHNAPFT;nonword;nonword
126527;;721e38ca-1148-478e-a5d9-38981ff74d24;1;J6VFFMPw1601459725441;199;NontargetTrial;1;1;1;14;1;;VP114S114G;0;100;90;j;Leertaste;GMW;90;1995;word;2153;1;UNBETEILIGT;word;word
126527;;721e38ca-1148-478e-a5d9-38981ff74d24;1;J6VFFMPw1601459725441;200;NontargetTrial;1;1;1;14;1;;VP114S114G;0;100;90;j;Leertaste;GMW;90;1995;nonword;2914;1;RUCHTURSTIHL;nonword;nonword
126527;;721e38ca-1148-478e-a5d9-38981ff74d24;1;J6VFFMPw1601459725441;201;NontargetTrial;1;1;1;14;1;;VP114S114G;0;100;90;j;Leertaste;GMW;90;1995;word;1241;1;EINSCHENKEN;word;word
126527;;721e38ca-1148-478e-a5d9-38981ff74d24;1;J6VFFMPw1601459725441;202;TargetTrial;1;1;1;14;1;;VP114S114G;0;100;90;j;Leertaste;GMW;90;1995;nonword;1589;0;GIMMAORTEG;Targetnonword;target
126527;;721e38ca-1148-478e-a5d9-38981ff74d24;1;J6VFFMPw1601459725441;203;NontargetTrial;1;1;1;14;1;;VP114S114G;0;100;90;j;Leertaste;GMW;90;1995;word;3068;1;AUSHORCHEN;word;word
126527;;721e38ca-1148-478e-a5d9-38981ff74d24;1;J6VFFMPw1601459725441;204;NontargetTrial;1;1;1;14;1;;VP114S114G;0;100;90;j;Leertaste;GMW;90;1995;nonword;1523;1;VARUASGUBUN;nonword;nonword
126527;;721e38ca-1148-478e-a5d9-38981ff74d24;1;J6VFFMPw1601459725441;205;NontargetTrial;1;1;1;14;1;;VP114S114G;0;100;90;j;Leertaste;GMW;90;1995;word;1236;1;AUSFINDIG;word;word
126527;;721e38ca-1148-478e-a5d9-38981ff74d24;1;J6VFFMPw1601459725441;206;NontargetTrial;1;1;1;14;1;;VP114S114G;0;100;90;j;Leertaste;GMW;90;1995;nonword;1892;1;KAMMUNTOTAR;nonword;nonword
126527;;721e38ca-1148-478e-a5d9-38981ff74d24;1;J6VFFMPw1601459725441;207;NontargetTrial;1;1;1;14;1;;VP114S114G;0;100;90;j;Leertaste;GMW;90;1995;word;3152;1;SCHMIERPUMPE;word;word
126527;;721e38ca-1148-478e-a5d9-38981ff74d24;1;J6VFFMPw1601459725441;208;NontargetTrial;1;1;1;14;1;;VP114S114G;0;100;90;j;Leertaste;GMW;90;1995;nonword;1011;1;PRÜZESUIRIN;nonword;nonword
126527;;721e38ca-1148-478e-a5d9-38981ff74d24;1;J6VFFMPw1601459725441;209;NontargetTrial;1;1;1;14;1;;VP114S114G;0;100;90;j;Leertaste;GMW;90;1995;word;1454;1;ZWEIHÄNDER;word;word
126527;;721e38ca-1148-478e-a5d9-38981ff74d24;1;J6VFFMPw1601459725441;210;NontargetTrial;1;1;1;14;1;;VP114S114G;0;100;90;j;Leertaste;GMW;90;1995;word;1837;1;TEMPERIEREN;word;word
126527;;721e38ca-1148-478e-a5d9-38981ff74d24;1;J6VFFMPw1601459725441;211;NontargetTrial;1;1;1;14;1;;VP114S114G;0;100;90;j;Leertaste;GMW;90;1995;nonword;1384;1;BUSTUOARING;nonword;nonword
126527;;721e38ca-1148-478e-a5d9-38981ff74d24;1;J6VFFMPw1601459725441;212;NontargetTrial;1;1;1;14;1;;VP114S114G;0;100;90;j;Leertaste;GMW;90;1995;nonword;1894;1;PHASPHET;nonword;nonword
126527;;721e38ca-1148-478e-a5d9-38981ff74d24;1;J6VFFMPw1601459725441;213;NontargetTrial;1;1;1;14;1;;VP114S114G;0;100;90;j;Leertaste;GMW;90;1995;nonword;1276;1;VIRMAMMING;nonword;nonword
126527;;721e38ca-1148-478e-a5d9-38981ff74d24;1;J6VFFMPw1601459725441;214;NontargetTrial;1;1;1;14;1;;VP114S114G;0;100;90;j;Leertaste;GMW;90;1995;word;1295;1;IMPRÄGNATION;word;word
126527;;721e38ca-1148-478e-a5d9-38981ff74d24;1;J6VFFMPw1601459725441;215;NontargetTrial;1;1;1;14;1;;VP114S114G;0;100;90;j;Leertaste;GMW;90;1995;nonword;1390;1;DEPPULTÖR;nonword;nonword
126527;;721e38ca-1148-478e-a5d9-38981ff74d24;1;J6VFFMPw1601459725441;216;NontargetTrial;1;1;1;14;1;;VP114S114G;0;100;90;j;Leertaste;GMW;90;1995;nonword;1784;1;ZWUCKWEDREG;nonword;nonword
126527;;721e38ca-1148-478e-a5d9-38981ff74d24;1;J6VFFMPw1601459725441;217;NontargetTrial;1;1;1;14;1;;VP114S114G;0;100;90;j;Leertaste;GMW;90;1995;word;1711;1;TÄUSCHER;word;word
126527;;721e38ca-1148-478e-a5d9-38981ff74d24;1;J6VFFMPw1601459725441;218;NontargetTrial;1;1;1;14;1;;VP114S114G;0;100;90;j;Leertaste;GMW;90;1995;nonword;1435;1;BRACHING;nonword;nonword
126527;;721e38ca-1148-478e-a5d9-38981ff74d24;1;J6VFFMPw1601459725441;219;NontargetTrial;1;1;1;14;1;;VP114S114G;0;100;90;j;Leertaste;GMW;90;1995;nonword;1463;1;PFUULSCHASS;nonword;nonword
126527;;721e38ca-1148-478e-a5d9-38981ff74d24;1;J6VFFMPw1601459725441;220;NontargetTrial;1;1;1;14;1;;VP114S114G;0;100;90;j;Leertaste;GMW;90;1995;word;1763;1;WAHLSIEG;word;word
126527;;721e38ca-1148-478e-a5d9-38981ff74d24;1;J6VFFMPw1601459725441;221;NontargetTrial;1;1;1;14;1;;VP114S114G;0;100;90;j;Leertaste;GMW;90;1995;nonword;2053;1;WOCHSILSTRIM;nonword;nonword
126527;;721e38ca-1148-478e-a5d9-38981ff74d24;1;J6VFFMPw1601459725441;222;NontargetTrial;1;1;1;14;1;;VP114S114G;0;100;90;j;Leertaste;GMW;90;1995;nonword;1233;1;BINETZBER;nonword;nonword
126527;;721e38ca-1148-478e-a5d9-38981ff74d24;1;J6VFFMPw1601459725441;223;NontargetTrial;1;1;1;14;1;;VP114S114G;0;100;90;j;Leertaste;GMW;90;1995;word;1085;1;LOCKVOGEL;word;word
126527;;721e38ca-1148-478e-a5d9-38981ff74d24;1;J6VFFMPw1601459725441;224;NontargetTrial;1;1;1;14;1;;VP114S114G;0;100;90;j;Leertaste;GMW;90;1995;nonword;1075;0;KLERIKAL;word;word
126527;;721e38ca-1148-478e-a5d9-38981ff74d24;1;J6VFFMPw1601459725441;225;NontargetTrial;1;1;1;14;1;;VP114S114G;0;100;90;j;Leertaste;GMW;90;1995;word;1322;1;NOTIZBLOCK;word;word
126527;;721e38ca-1148-478e-a5d9-38981ff74d24;1;J6VFFMPw1601459725441;226;NontargetTrial;1;1;1;14;1;;VP114S114G;0;100;90;j;Leertaste;GMW;90;1995;word;1603;1;AUFSPERREN;word;word
126527;;721e38ca-1148-478e-a5d9-38981ff74d24;1;J6VFFMPw1601459725441;227;NontargetTrial;1;1;1;14;1;;VP114S114G;0;100;90;j;Leertaste;GMW;90;1995;nonword;1153;1;SULBSTSECHUR;nonword;nonword
126527;;721e38ca-1148-478e-a5d9-38981ff74d24;1;J6VFFMPw1601459725441;228;NontargetTrial;1;1;1;14;1;;VP114S114G;0;100;90;j;Leertaste;GMW;90;1995;word;2672;1;FELGENBREMSE;word;word
126527;;721e38ca-1148-478e-a5d9-38981ff74d24;1;J6VFFMPw1601459725441;229;TargetTrial;1;1;1;14;1;;VP114S114G;0;100;90;j;Leertaste;GMW;90;1995;word;1995;0;HITZEWELLE;Targetword;target
126527;;721e38ca-1148-478e-a5d9-38981ff74d24;1;J6VFFMPw1601459725441;230;NontargetTrial;1;1;1;14;1;;VP114S114G;0;100;90;j;Leertaste;GMW;90;1995;nonword;958;1;OIGONMURK;nonword;nonword
126527;;721e38ca-1148-478e-a5d9-38981ff74d24;1;J6VFFMPw1601459725441;231;NontargetTrial;1;1;1;14;1;;VP114S114G;0;100;90;j;Leertaste;GMW;90;1995;nonword;756;1;OMDROHAN;nonword;nonword
126527;;721e38ca-1148-478e-a5d9-38981ff74d24;1;J6VFFMPw1601459725441;232;NontargetTrial;1;1;1;14;1;;VP114S114G;0;100;90;j;Leertaste;GMW;90;1995;word;1382;1;SUBJEKTSATZ;word;word
126527;;721e38ca-1148-478e-a5d9-38981ff74d24;1;J6VFFMPw1601459725441;233;NontargetTrial;1;1;1;14;1;;VP114S114G;0;100;90;j;Leertaste;GMW;90;1995;nonword;1479;1;SCHRUCKAN;nonword;nonword
126527;;721e38ca-1148-478e-a5d9-38981ff74d24;1;J6VFFMPw1601459725441;234;NontargetTrial;1;1;1;14;1;;VP114S114G;0;100;90;j;Leertaste;GMW;90;1995;nonword;873;1;VARGRIBIN;nonword;nonword
126527;;721e38ca-1148-478e-a5d9-38981ff74d24;1;J6VFFMPw1601459725441;235;NontargetTrial;1;1;1;14;1;;VP114S114G;0;100;90;j;Leertaste;GMW;90;1995;nonword;1029;1;ONGASUTTOT;nonword;nonword
126527;;721e38ca-1148-478e-a5d9-38981ff74d24;1;J6VFFMPw1601459725441;236;NontargetTrial;1;1;1;14;1;;VP114S114G;0;100;90;j;Leertaste;GMW;90;1995;word;1059;1;RADFAHRER;word;word
126527;;721e38ca-1148-478e-a5d9-38981ff74d24;1;J6VFFMPw1601459725441;237;NontargetTrial;1;1;1;14;1;;VP114S114G;0;100;90;j;Leertaste;GMW;90;1995;nonword;1051;1;RAESUFUABUR;nonword;nonword
126527;;721e38ca-1148-478e-a5d9-38981ff74d24;1;J6VFFMPw1601459725441;238;NontargetTrial;1;1;1;14;1;;VP114S114G;0;100;90;j;Leertaste;GMW;90;1995;nonword;993;1;WULLANLÖNGI;nonword;nonword
126527;;721e38ca-1148-478e-a5d9-38981ff74d24;1;J6VFFMPw1601459725441;239;NontargetTrial;1;1;1;14;1;;VP114S114G;0;100;90;j;Leertaste;GMW;90;1995;word;1784;1;VORGELESEN;word;word
126527;;721e38ca-1148-478e-a5d9-38981ff74d24;1;J6VFFMPw1601459725441;240;NontargetTrial;1;1;1;14;1;;VP114S114G;0;100;90;j;Leertaste;GMW;90;1995;nonword;787;1;IUNGLAASAG;nonword;nonword
126527;;721e38ca-1148-478e-a5d9-38981ff74d24;1;J6VFFMPw1601459725441;241;NontargetTrial;1;1;1;14;1;;VP114S114G;0;100;90;j;Leertaste;GMW;90;1995;word;1364;1;SKILEHRER;word;word
126527;;721e38ca-1148-478e-a5d9-38981ff74d24;1;J6VFFMPw1601459725441;242;NontargetTrial;1;1;1;14;1;;VP114S114G;0;100;90;j;Leertaste;GMW;90;1995;word;898;1;STAMMBUCH;word;word
126527;;721e38ca-1148-478e-a5d9-38981ff74d24;1;J6VFFMPw1601459725441;243;NontargetTrial;1;1;1;14;1;;VP114S114G;0;100;90;j;Leertaste;GMW;90;1995;nonword;1278;1;WIHLLUKEL;nonword;nonword
126527;;721e38ca-1148-478e-a5d9-38981ff74d24;1;J6VFFMPw1601459725441;244;NontargetTrial;1;1;1;14;1;;VP114S114G;0;100;90;j;Leertaste;GMW;90;1995;word;1764;1;WIEVIELTE;word;word
126527;;721e38ca-1148-478e-a5d9-38981ff74d24;1;J6VFFMPw1601459725441;245;NontargetTrial;1;1;1;14;1;;VP114S114G;0;100;90;j;Leertaste;GMW;90;1995;nonword;1083;1;BLATUGOL;nonword;nonword
126527;;721e38ca-1148-478e-a5d9-38981ff74d24;1;J6VFFMPw1601459725441;246;NontargetTrial;1;1;1;14;1;;VP114S114G;0;100;90;j;Leertaste;GMW;90;1995;nonword;1333;1;ANBISCHULTON;nonword;nonword
126527;;721e38ca-1148-478e-a5d9-38981ff74d24;1;J6VFFMPw1601459725441;247;NontargetTrial;1;1;1;14;1;;VP114S114G;0;100;90;j;Leertaste;GMW;90;1995;nonword;1058;1;STRÜIBAN;nonword;nonword
126527;;721e38ca-1148-478e-a5d9-38981ff74d24;1;J6VFFMPw1601459725441;248;NontargetTrial;1;1;1;14;1;;VP114S114G;0;100;90;j;Leertaste;GMW;90;1995;nonword;920;1;ENNIHMBUR;nonword;nonword
126527;;721e38ca-1148-478e-a5d9-38981ff74d24;1;J6VFFMPw1601459725441;249;NontargetTrial;1;1;1;14;1;;VP114S114G;0;100;90;j;Leertaste;GMW;90;1995;word;1663;1;ABWEIDEN;word;word
126527;;721e38ca-1148-478e-a5d9-38981ff74d24;1;J6VFFMPw1601459725441;250;NontargetTrial;1;1;1;14;1;;VP114S114G;0;100;90;j;Leertaste;GMW;90;1995;word;1780;1;VERBÜRGEN;word;word
126527;;721e38ca-1148-478e-a5d9-38981ff74d24;1;J6VFFMPw1601459725441;251;NontargetTrial;1;1;1;14;1;;VP114S114G;0;100;90;j;Leertaste;GMW;90;1995;word;859;1;ILLUSTRATION;word;word
126527;;721e38ca-1148-478e-a5d9-38981ff74d24;1;J6VFFMPw1601459725441;252;NontargetTrial;1;1;1;14;1;;VP114S114G;0;100;90;j;Leertaste;GMW;90;1995;word;1123;0;FLUGPLAN;nonword;nonword
126527;;721e38ca-1148-478e-a5d9-38981ff74d24;1;J6VFFMPw1601459725441;253;NontargetTrial;1;1;1;14;1;;VP114S114G;0;100;90;j;Leertaste;GMW;90;1995;word;1399;1;WUNDERKIND;word;word
126527;;721e38ca-1148-478e-a5d9-38981ff74d24;1;J6VFFMPw1601459725441;254;NontargetTrial;1;1;1;14;1;;VP114S114G;0;100;90;j;Leertaste;GMW;90;1995;word;1311;1;ABHANDLUNG;word;word
126527;;721e38ca-1148-478e-a5d9-38981ff74d24;1;J6VFFMPw1601459725441;255;NontargetTrial;1;1;1;14;1;;VP114S114G;0;100;90;j;Leertaste;GMW;90;1995;nonword;1146;1;ERBOUTSLIHN;nonword;nonword
126527;;721e38ca-1148-478e-a5d9-38981ff74d24;1;J6VFFMPw1601459725441;256;TargetTrial;1;1;1;14;1;;VP114S114G;0;100;90;j;Leertaste;GMW;90;1995;target;1546;1;GAMÜCHLACH;Targetnonword;target
126527;;721e38ca-1148-478e-a5d9-38981ff74d24;1;J6VFFMPw1601459725441;257;NontargetTrial;1;1;1;14;1;;VP114S114G;0;100;90;j;Leertaste;GMW;90;1995;nonword;2559;1;STUMMFÄHRING;nonword;nonword
126527;;721e38ca-1148-478e-a5d9-38981ff74d24;1;J6VFFMPw1601459725441;258;NontargetTrial;1;1;1;14;1;;VP114S114G;0;100;90;j;Leertaste;GMW;90;1995;nonword;1239;1;BLUEBOIRA;nonword;nonword
126527;;721e38ca-1148-478e-a5d9-38981ff74d24;1;J6VFFMPw1601459725441;259;NontargetTrial;1;1;1;14;1;;VP114S114G;0;100;90;j;Leertaste;GMW;90;1995;word;1096;1;ERBRECHT;word;word
126527;;721e38ca-1148-478e-a5d9-38981ff74d24;1;J6VFFMPw1601459725441;260;NontargetTrial;1;1;1;14;1;;VP114S114G;0;100;90;j;Leertaste;GMW;90;1995;nonword;1767;1;NICHTTOREF;nonword;nonword
126527;;721e38ca-1148-478e-a5d9-38981ff74d24;1;J6VFFMPw1601459725441;261;NontargetTrial;1;1;1;14;1;;VP114S114G;0;100;90;j;Leertaste;GMW;90;1995;word;1560;1;UNVERMITTELT;word;word
126527;;721e38ca-1148-478e-a5d9-38981ff74d24;1;J6VFFMPw1601459725441;262;NontargetTrial;1;1;1;14;1;;VP114S114G;0;100;90;j;Leertaste;GMW;90;1995;word;1031;1;KÖSTLICH;word;word
126527;;721e38ca-1148-478e-a5d9-38981ff74d24;1;J6VFFMPw1601459725441;263;NontargetTrial;1;1;1;14;1;;VP114S114G;0;100;90;j;Leertaste;GMW;90;1995;word;1190;1;KALKGRUBE;word;word
126527;;721e38ca-1148-478e-a5d9-38981ff74d24;1;J6VFFMPw1601459725441;264;NontargetTrial;1;1;1;14;1;;VP114S114G;0;100;90;j;Leertaste;GMW;90;1995;word;1112;1;SCHLÜSSIG;word;word
126527;;721e38ca-1148-478e-a5d9-38981ff74d24;1;J6VFFMPw1601459725441;265;NontargetTrial;1;1;1;14;1;;VP114S114G;0;100;90;j;Leertaste;GMW;90;1995;nonword;1190;0;VERWAIST;word;word
126527;;721e38ca-1148-478e-a5d9-38981ff74d24;1;J6VFFMPw1601459725441;266;NontargetTrial;1;1;1;14;1;;VP114S114G;0;100;90;j;Leertaste;GMW;90;1995;nonword;965;1;ODDEURON;nonword;nonword
126527;;721e38ca-1148-478e-a5d9-38981ff74d24;1;J6VFFMPw1601459725441;267;NontargetTrial;1;1;1;14;1;;VP114S114G;0;100;90;j;Leertaste;GMW;90;1995;nonword;1841;1;ÜBORMUTTLONG;nonword;nonword
126527;;721e38ca-1148-478e-a5d9-38981ff74d24;1;J6VFFMPw1601459725441;268;NontargetTrial;1;1;1;14;1;;VP114S114G;0;100;90;j;Leertaste;GMW;90;1995;word;915;1;LAHMLEGEN;word;word
126527;;721e38ca-1148-478e-a5d9-38981ff74d24;1;J6VFFMPw1601459725441;269;NontargetTrial;1;1;1;14;1;;VP114S114G;0;100;90;j;Leertaste;GMW;90;1995;word;1547;1;AKTIENKURS;word;word
126527;;721e38ca-1148-478e-a5d9-38981ff74d24;1;J6VFFMPw1601459725441;270;NontargetTrial;1;1;1;14;1;;VP114S114G;0;100;90;j;Leertaste;GMW;90;1995;nonword;1438;1;BECKPILVOR;nonword;nonword
126527;;721e38ca-1148-478e-a5d9-38981ff74d24;1;J6VFFMPw1601459725441;271;NontargetTrial;1;1;1;14;1;;VP114S114G;0;100;90;j;Leertaste;GMW;90;1995;nonword;1497;1;ÄQAAVULUNZ;nonword;nonword
126527;;721e38ca-1148-478e-a5d9-38981ff74d24;1;J6VFFMPw1601459725441;272;NontargetTrial;1;1;1;14;1;;VP114S114G;0;100;90;j;Leertaste;GMW;90;1995;nonword;1044;1;ANDIITLECH;nonword;nonword
126527;;721e38ca-1148-478e-a5d9-38981ff74d24;1;J6VFFMPw1601459725441;273;NontargetTrial;1;1;1;14;1;;VP114S114G;0;100;90;j;Leertaste;GMW;90;1995;nonword;1936;1;VOROBRIDENG;nonword;nonword
126527;;721e38ca-1148-478e-a5d9-38981ff74d24;1;J6VFFMPw1601459725441;274;NontargetTrial;1;1;1;14;1;;VP114S114G;0;100;90;j;Leertaste;GMW;90;1995;word;2978;1;UFERSCHWALBE;word;word
126527;;721e38ca-1148-478e-a5d9-38981ff74d24;1;J6VFFMPw1601459725441;275;NontargetTrial;1;1;1;14;1;;VP114S114G;0;100;90;j;Leertaste;GMW;90;1995;nonword;1038;1;BUHÜRDLACH;nonword;nonword
126527;;721e38ca-1148-478e-a5d9-38981ff74d24;1;J6VFFMPw1601459725441;276;NontargetTrial;1;1;1;14;1;;VP114S114G;0;100;90;j;Leertaste;GMW;90;1995;word;1016;1;PATIENTIN;word;word
126527;;721e38ca-1148-478e-a5d9-38981ff74d24;1;J6VFFMPw1601459725441;277;NontargetTrial;1;1;1;14;1;;VP114S114G;0;100;90;j;Leertaste;GMW;90;1995;nonword;1237;1;OGNIRUNT;nonword;nonword
126527;;721e38ca-1148-478e-a5d9-38981ff74d24;1;J6VFFMPw1601459725441;278;NontargetTrial;1;1;1;14;1;;VP114S114G;0;100;90;j;Leertaste;GMW;90;1995;nonword;1662;1;IBWORTIN;nonword;nonword
126527;;721e38ca-1148-478e-a5d9-38981ff74d24;1;J6VFFMPw1601459725441;279;NontargetTrial;1;1;1;14;1;;VP114S114G;0;100;90;j;Leertaste;GMW;90;1995;word;1330;1;EINTRUDELN;word;word
126527;;721e38ca-1148-478e-a5d9-38981ff74d24;1;J6VFFMPw1601459725441;280;NontargetTrial;1;1;1;14;1;;VP114S114G;0;100;90;j;Leertaste;GMW;90;1995;word;964;1;SUKZESSIV;word;word
126527;;721e38ca-1148-478e-a5d9-38981ff74d24;1;J6VFFMPw1601459725441;281;NontargetTrial;1;1;1;14;1;;VP114S114G;0;100;90;j;Leertaste;GMW;90;1995;word;1008;1;ZUTREFFEND;word;word
126527;;721e38ca-1148-478e-a5d9-38981ff74d24;1;J6VFFMPw1601459725441;282;NontargetTrial;1;1;1;14;1;;VP114S114G;0;100;90;j;Leertaste;GMW;90;1995;word;1025;1;BLINZELN;word;word
126527;;721e38ca-1148-478e-a5d9-38981ff74d24;1;J6VFFMPw1601459725441;283;TargetTrial;1;1;1;14;1;;VP114S114G;0;100;90;j;Leertaste;GMW;90;1995;target;1127;1;GENIALITÄT;Targetword;target
126527;;721e38ca-1148-478e-a5d9-38981ff74d24;1;J6VFFMPw1601459725441;284;NontargetTrial;1;1;1;14;1;;VP114S114G;0;100;90;j;Leertaste;GMW;90;1995;word;2211;1;PORTRÄTIST;word;word
126527;;721e38ca-1148-478e-a5d9-38981ff74d24;1;J6VFFMPw1601459725441;285;NontargetTrial;1;1;1;14;1;;VP114S114G;0;100;90;j;Leertaste;GMW;90;1995;nonword;1422;1;OBSCHOCKIN;nonword;nonword
126527;;721e38ca-1148-478e-a5d9-38981ff74d24;1;J6VFFMPw1601459725441;286;NontargetTrial;1;1;1;14;1;;VP114S114G;0;100;90;j;Leertaste;GMW;90;1995;nonword;2053;1;STRUMSPARRI;nonword;nonword
126527;;721e38ca-1148-478e-a5d9-38981ff74d24;1;J6VFFMPw1601459725441;287;NontargetTrial;1;1;1;14;1;;VP114S114G;0;100;90;j;Leertaste;GMW;90;1995;word;1383;1;ANDACHTSVOLL;word;word
126527;;721e38ca-1148-478e-a5d9-38981ff74d24;1;J6VFFMPw1601459725441;288;NontargetTrial;1;1;1;14;1;;VP114S114G;0;100;90;j;Leertaste;GMW;90;1995;word;1412;1;UNTERLEGUNG;word;word
126527;;721e38ca-1148-478e-a5d9-38981ff74d24;1;J6VFFMPw1601459725441;289;NontargetTrial;1;1;1;14;1;;VP114S114G;0;100;90;j;Leertaste;GMW;90;1995;nonword;1327;1;ANTUGREURIND;nonword;nonword
126527;;721e38ca-1148-478e-a5d9-38981ff74d24;1;J6VFFMPw1601459725441;290;NontargetTrial;1;1;1;14;1;;VP114S114G;0;100;90;j;Leertaste;GMW;90;1995;word;1381;1;TRUMPFFARBE;word;word
126527;;721e38ca-1148-478e-a5d9-38981ff74d24;1;J6VFFMPw1601459725441;291;NontargetTrial;1;1;1;14;1;;VP114S114G;0;100;90;j;Leertaste;GMW;90;1995;word;813;1;UNSTERBLICH;word;word
126527;;721e38ca-1148-478e-a5d9-38981ff74d24;1;J6VFFMPw1601459725441;292;NontargetTrial;1;1;1;14;1;;VP114S114G;0;100;90;j;Leertaste;GMW;90;1995;nonword;2579;1;WOLDLEIF;nonword;nonword
126527;;721e38ca-1148-478e-a5d9-38981ff74d24;1;J6VFFMPw1601459725441;293;NontargetTrial;1;1;1;14;1;;VP114S114G;0;100;90;j;Leertaste;GMW;90;1995;word;2278;1;VERKEHRSFREI;word;word
126527;;721e38ca-1148-478e-a5d9-38981ff74d24;1;J6VFFMPw1601459725441;294;NontargetTrial;1;1;1;14;1;;VP114S114G;0;100;90;j;Leertaste;GMW;90;1995;word;955;1;RÜCKSCHAU;word;word
126527;;721e38ca-1148-478e-a5d9-38981ff74d24;1;J6VFFMPw1601459725441;295;NontargetTrial;1;1;1;14;1;;VP114S114G;0;100;90;j;Leertaste;GMW;90;1995;word;838;1;PROZENTUELL;word;word
126527;;721e38ca-1148-478e-a5d9-38981ff74d24;1;J6VFFMPw1601459725441;296;NontargetTrial;1;1;1;14;1;;VP114S114G;0;100;90;j;Leertaste;GMW;90;1995;nonword;1270;1;STOCHOLN;nonword;nonword
126527;;721e38ca-1148-478e-a5d9-38981ff74d24;1;J6VFFMPw1601459725441;297;NontargetTrial;1;1;1;14;1;;VP114S114G;0;100;90;j;Leertaste;GMW;90;1995;nonword;1394;1;NOCHSICHIN;nonword;nonword
126527;;721e38ca-1148-478e-a5d9-38981ff74d24;1;J6VFFMPw1601459725441;298;NontargetTrial;1;1;1;14;1;;VP114S114G;0;100;90;j;Leertaste;GMW;90;1995;word;2111;1;ÜBEREIGNEN;word;word
126527;;721e38ca-1148-478e-a5d9-38981ff74d24;1;J6VFFMPw1601459725441;299;NontargetTrial;1;1;1;14;1;;VP114S114G;0;100;90;j;Leertaste;GMW;90;1995;word;1818;1;EINGESTEHEN;word;word
126527;;721e38ca-1148-478e-a5d9-38981ff74d24;1;J6VFFMPw1601459725441;300;NontargetTrial;1;1;1;14;1;;VP114S114G;0;100;90;j;Leertaste;GMW;90;1995;word;2503;1;FACHSIMPELEI;word;word
126527;;721e38ca-1148-478e-a5d9-38981ff74d24;1;J6VFFMPw1601459725441;301;NontargetTrial;1;1;1;14;1;;VP114S114G;0;100;90;j;Leertaste;GMW;90;1995;word;1539;1;PERLENSCHNUR;word;word
126527;;721e38ca-1148-478e-a5d9-38981ff74d24;1;J6VFFMPw1601459725441;302;NontargetTrial;1;1;1;14;1;;VP114S114G;0;100;90;j;Leertaste;GMW;90;1995;nonword;1487;1;TRUMMLOR;nonword;nonword
126527;;721e38ca-1148-478e-a5d9-38981ff74d24;1;J6VFFMPw1601459725441;303;NontargetTrial;1;1;1;14;1;;VP114S114G;0;100;90;j;Leertaste;GMW;90;1995;nonword;1155;1;WÜSCHUROA;nonword;nonword
126527;;721e38ca-1148-478e-a5d9-38981ff74d24;1;J6VFFMPw1601459725441;304;NontargetTrial;1;1;1;14;1;;VP114S114G;0;100;90;j;Leertaste;GMW;90;1995;nonword;1609;1;WUOCHSOL;nonword;nonword
126527;;721e38ca-1148-478e-a5d9-38981ff74d24;1;J6VFFMPw1601459725441;305;NontargetTrial;1;1;1;14;1;;VP114S114G;0;100;90;j;Leertaste;GMW;90;1995;word;770;1;FAHRSTUHL;word;word
126527;;721e38ca-1148-478e-a5d9-38981ff74d24;1;J6VFFMPw1601459725441;306;NontargetTrial;1;1;1;14;1;;VP114S114G;0;100;90;j;Leertaste;GMW;90;1995;word;1894;1;UNGELEHRT;word;word
126527;;721e38ca-1148-478e-a5d9-38981ff74d24;1;J6VFFMPw1601459725441;307;NontargetTrial;1;1;1;14;1;;VP114S114G;0;100;90;j;Leertaste;GMW;90;1995;nonword;1623;1;KÄCHUNSTAHL;nonword;nonword
126527;;721e38ca-1148-478e-a5d9-38981ff74d24;1;J6VFFMPw1601459725441;308;NontargetTrial;1;1;1;14;1;;VP114S114G;0;100;90;j;Leertaste;GMW;90;1995;nonword;1021;1;OBTRUGON;nonword;nonword
126527;;721e38ca-1148-478e-a5d9-38981ff74d24;1;J6VFFMPw1601459725441;309;NontargetTrial;1;1;1;14;1;;VP114S114G;0;100;90;j;Leertaste;GMW;90;1995;nonword;896;1;VORMOITUR;nonword;nonword
126527;;721e38ca-1148-478e-a5d9-38981ff74d24;1;J6VFFMPw1601459725441;310;TargetTrial;1;1;1;14;1;;VP114S114G;0;100;90;j;Leertaste;GMW;90;1995;target;4822;1;HUUMOTLOND;Targetnonword;target
126527;;721e38ca-1148-478e-a5d9-38981ff74d24;1;J6VFFMPw1601459725441;311;NontargetTrial;1;1;1;14;1;;VP114S114G;0;100;90;j;Leertaste;GMW;90;1995;word;1035;1;SEHSCHWÄCHE;word;word
126527;;721e38ca-1148-478e-a5d9-38981ff74d24;1;J6VFFMPw1601459725441;312;NontargetTrial;1;1;1;14;1;;VP114S114G;0;100;90;j;Leertaste;GMW;90;1995;nonword;885;1;VIRARRON;nonword;nonword
126527;;721e38ca-1148-478e-a5d9-38981ff74d24;1;J6VFFMPw1601459725441;313;NontargetTrial;1;1;1;14;1;;VP114S114G;0;100;90;j;Leertaste;GMW;90;1995;word;978;1;UNTERHALT;word;word
126527;;721e38ca-1148-478e-a5d9-38981ff74d24;1;J6VFFMPw1601459725441;314;NontargetTrial;1;1;1;14;1;;VP114S114G;0;100;90;j;Leertaste;GMW;90;1995;word;833;1;IRRATIONAL;word;word
126527;;721e38ca-1148-478e-a5d9-38981ff74d24;1;J6VFFMPw1601459725441;315;NontargetTrial;1;1;1;14;1;;VP114S114G;0;100;90;j;Leertaste;GMW;90;1995;word;1278;1;NAMENTLICH;word;word
126527;;721e38ca-1148-478e-a5d9-38981ff74d24;1;J6VFFMPw1601459725441;316;NontargetTrial;1;1;1;14;1;;VP114S114G;0;100;90;j;Leertaste;GMW;90;1995;word;1771;1;WALDRAND;word;word
126527;;721e38ca-1148-478e-a5d9-38981ff74d24;1;J6VFFMPw1601459725441;317;NontargetTrial;1;1;1;14;1;;VP114S114G;0;100;90;j;Leertaste;GMW;90;1995;nonword;1883;1;TIGANDHIFT;nonword;nonword
126527;;721e38ca-1148-478e-a5d9-38981ff74d24;1;J6VFFMPw1601459725441;318;NontargetTrial;1;1;1;14;1;;VP114S114G;0;100;90;j;Leertaste;GMW;90;1995;word;1045;1;KOORDINATOR;word;word
126527;;721e38ca-1148-478e-a5d9-38981ff74d24;1;J6VFFMPw1601459725441;319;NontargetTrial;1;1;1;14;1;;VP114S114G;0;100;90;j;Leertaste;GMW;90;1995;nonword;970;1;ÄBORGRAOFUN;nonword;nonword
126527;;721e38ca-1148-478e-a5d9-38981ff74d24;1;J6VFFMPw1601459725441;320;NontargetTrial;1;1;1;14;1;;VP114S114G;0;100;90;j;Leertaste;GMW;90;1995;nonword;1310;1;STICKDISA;nonword;nonword
126527;;721e38ca-1148-478e-a5d9-38981ff74d24;1;J6VFFMPw1601459725441;321;NontargetTrial;1;1;1;14;1;;VP114S114G;0;100;90;j;Leertaste;GMW;90;1995;word;963;1;ERWÄRMEN;word;word
126527;;721e38ca-1148-478e-a5d9-38981ff74d24;1;J6VFFMPw1601459725441;322;NontargetTrial;1;1;1;14;1;;VP114S114G;0;100;90;j;Leertaste;GMW;90;1995;nonword;2535;1;RAGILWEDREG;nonword;nonword
126527;;721e38ca-1148-478e-a5d9-38981ff74d24;1;J6VFFMPw1601459725441;323;NontargetTrial;1;1;1;14;1;;VP114S114G;0;100;90;j;Leertaste;GMW;90;1995;nonword;920;1;DROUZOHNTI;nonword;nonword
126527;;721e38ca-1148-478e-a5d9-38981ff74d24;1;J6VFFMPw1601459725441;324;NontargetTrial;1;1;1;14;1;;VP114S114G;0;100;90;j;Leertaste;GMW;90;1995;nonword;907;1;AENFUHRT;nonword;nonword
126527;;721e38ca-1148-478e-a5d9-38981ff74d24;1;J6VFFMPw1601459725441;325;NontargetTrial;1;1;1;14;1;;VP114S114G;0;100;90;j;Leertaste;GMW;90;1995;word;1349;1;TRIUMPHBOGEN;word;word
126527;;721e38ca-1148-478e-a5d9-38981ff74d24;1;J6VFFMPw1601459725441;326;NontargetTrial;1;1;1;14;1;;VP114S114G;0;100;90;j;Leertaste;GMW;90;1995;word;1068;1;UNERLAUBT;word;word
126527;;721e38ca-1148-478e-a5d9-38981ff74d24;1;J6VFFMPw1601459725441;327;NontargetTrial;1;1;1;14;1;;VP114S114G;0;100;90;j;Leertaste;GMW;90;1995;word;1625;1;NIEDERSTE;word;word
126527;;721e38ca-1148-478e-a5d9-38981ff74d24;1;J6VFFMPw1601459725441;328;NontargetTrial;1;1;1;14;1;;VP114S114G;0;100;90;j;Leertaste;GMW;90;1995;word;1597;1;SCHMÄLERN;word;word
126527;;721e38ca-1148-478e-a5d9-38981ff74d24;1;J6VFFMPw1601459725441;329;NontargetTrial;1;1;1;14;1;;VP114S114G;0;100;90;j;Leertaste;GMW;90;1995;nonword;792;1;PURSOFLOGO;nonword;nonword
126527;;721e38ca-1148-478e-a5d9-38981ff74d24;1;J6VFFMPw1601459725441;330;NontargetTrial;1;1;1;14;1;;VP114S114G;0;100;90;j;Leertaste;GMW;90;1995;word;912;1;LINKSWENDUNG;word;word
126527;;721e38ca-1148-478e-a5d9-38981ff74d24;1;J6VFFMPw1601459725441;331;NontargetTrial;1;1;1;14;1;;VP114S114G;0;100;90;j;Leertaste;GMW;90;1995;nonword;828;1;UBSUNKUN;nonword;nonword
126527;;721e38ca-1148-478e-a5d9-38981ff74d24;1;J6VFFMPw1601459725441;332;NontargetTrial;1;1;1;14;1;;VP114S114G;0;100;90;j;Leertaste;GMW;90;1995;word;804;1;BRILLIEREN;word;word
126527;;721e38ca-1148-478e-a5d9-38981ff74d24;1;J6VFFMPw1601459725441;333;NontargetTrial;1;1;1;14;1;;VP114S114G;0;100;90;j;Leertaste;GMW;90;1995;nonword;1034;1;BOSUMRITTI;nonword;nonword
126527;;721e38ca-1148-478e-a5d9-38981ff74d24;1;J6VFFMPw1601459725441;334;NontargetTrial;1;1;1;14;1;;VP114S114G;0;100;90;j;Leertaste;GMW;90;1995;word;1129;1;REGIMENT;word;word
126527;;721e38ca-1148-478e-a5d9-38981ff74d24;1;J6VFFMPw1601459725441;335;NontargetTrial;1;1;1;14;1;;VP114S114G;0;100;90;j;Leertaste;GMW;90;1995;nonword;1217;1;SCHMUIGSOM;nonword;nonword
126527;;721e38ca-1148-478e-a5d9-38981ff74d24;1;J6VFFMPw1601459725441;336;NontargetTrial;1;1;1;14;1;;VP114S114G;0;100;90;j;Leertaste;GMW;90;1995;word;986;1;ENTSIEGELN;word;word
126527;;721e38ca-1148-478e-a5d9-38981ff74d24;1;J6VFFMPw1601459725441;337;TargetTrial;1;1;1;14;1;;VP114S114G;0;100;90;j;Leertaste;GMW;90;1995;target;1101;1;METSCHÄLAR;Targetnonword;target
126527;;721e38ca-1148-478e-a5d9-38981ff74d24;1;J6VFFMPw1601459725441;338;NontargetTrial;1;1;1;14;1;;VP114S114G;0;100;90;j;Leertaste;GMW;90;1995;nonword;971;1;LAKELATÖT;nonword;nonword
126527;;721e38ca-1148-478e-a5d9-38981ff74d24;1;J6VFFMPw1601459725441;339;NontargetTrial;1;1;1;14;1;;VP114S114G;0;100;90;j;Leertaste;GMW;90;1995;word;1011;1;BAUKLOTZ;word;word
126527;;721e38ca-1148-478e-a5d9-38981ff74d24;1;J6VFFMPw1601459725441;340;NontargetTrial;1;1;1;14;1;;VP114S114G;0;100;90;j;Leertaste;GMW;90;1995;word;1290;1;PLAUSIBEL;word;word
126527;;721e38ca-1148-478e-a5d9-38981ff74d24;1;J6VFFMPw1601459725441;341;NontargetTrial;1;1;1;14;1;;VP114S114G;0;100;90;j;Leertaste;GMW;90;1995;word;1289;1;ABSCHÜRFUNG;word;word
126527;;721e38ca-1148-478e-a5d9-38981ff74d24;1;J6VFFMPw1601459725441;342;NontargetTrial;1;1;1;14;1;;VP114S114G;0;100;90;j;Leertaste;GMW;90;1995;nonword;981;1;PIBLAZEST;nonword;nonword
126527;;721e38ca-1148-478e-a5d9-38981ff74d24;1;J6VFFMPw1601459725441;343;NontargetTrial;1;1;1;14;1;;VP114S114G;0;100;90;j;Leertaste;GMW;90;1995;word;914;1;SACHKENNTNIS;word;word
126527;;721e38ca-1148-478e-a5d9-38981ff74d24;1;J6VFFMPw1601459725441;344;NontargetTrial;1;1;1;14;1;;VP114S114G;0;100;90;j;Leertaste;GMW;90;1995;nonword;975;1;DORCHGOHUN;nonword;nonword
126527;;721e38ca-1148-478e-a5d9-38981ff74d24;1;J6VFFMPw1601459725441;345;NontargetTrial;1;1;1;14;1;;VP114S114G;0;100;90;j;Leertaste;GMW;90;1995;word;999;1;LOKFÜHRER;word;word
126527;;721e38ca-1148-478e-a5d9-38981ff74d24;1;J6VFFMPw1601459725441;346;NontargetTrial;1;1;1;14;1;;VP114S114G;0;100;90;j;Leertaste;GMW;90;1995;word;925;1;AUFSPÜREN;word;word
126527;;721e38ca-1148-478e-a5d9-38981ff74d24;1;J6VFFMPw1601459725441;347;NontargetTrial;1;1;1;14;1;;VP114S114G;0;100;90;j;Leertaste;GMW;90;1995;nonword;846;1;VARHÜRTUN;nonword;nonword
126527;;721e38ca-1148-478e-a5d9-38981ff74d24;1;J6VFFMPw1601459725441;348;NontargetTrial;1;1;1;14;1;;VP114S114G;0;100;90;j;Leertaste;GMW;90;1995;nonword;772;1;SPOOLDUSI;nonword;nonword
126527;;721e38ca-1148-478e-a5d9-38981ff74d24;1;J6VFFMPw1601459725441;349;NontargetTrial;1;1;1;14;1;;VP114S114G;0;100;90;j;Leertaste;GMW;90;1995;word;990;1;VERÄNDERBAR;word;word
126527;;721e38ca-1148-478e-a5d9-38981ff74d24;1;J6VFFMPw1601459725441;350;NontargetTrial;1;1;1;14;1;;VP114S114G;0;100;90;j;Leertaste;GMW;90;1995;word;775;1;UNBEACHTET;word;word
126527;;721e38ca-1148-478e-a5d9-38981ff74d24;1;J6VFFMPw1601459725441;351;NontargetTrial;1;1;1;14;1;;VP114S114G;0;100;90;j;Leertaste;GMW;90;1995;nonword;862;1;UANFECHHAOT;nonword;nonword
126527;;721e38ca-1148-478e-a5d9-38981ff74d24;1;J6VFFMPw1601459725441;352;NontargetTrial;1;1;1;14;1;;VP114S114G;0;100;90;j;Leertaste;GMW;90;1995;nonword;897;1;UMPRUVESETER;nonword;nonword
126527;;721e38ca-1148-478e-a5d9-38981ff74d24;1;J6VFFMPw1601459725441;353;NontargetTrial;1;1;1;14;1;;VP114S114G;0;100;90;j;Leertaste;GMW;90;1995;word;1068;1;VERWEGEN;word;word
126527;;721e38ca-1148-478e-a5d9-38981ff74d24;1;J6VFFMPw1601459725441;354;NontargetTrial;1;1;1;14;1;;VP114S114G;0;100;90;j;Leertaste;GMW;90;1995;word;1314;1;BESCHÄMEN;word;word
126527;;721e38ca-1148-478e-a5d9-38981ff74d24;1;J6VFFMPw1601459725441;355;NontargetTrial;1;1;1;14;1;;VP114S114G;0;100;90;j;Leertaste;GMW;90;1995;nonword;2179;1;WEHNHUFT;nonword;nonword
126527;;721e38ca-1148-478e-a5d9-38981ff74d24;1;J6VFFMPw1601459725441;356;NontargetTrial;1;1;1;14;1;;VP114S114G;0;100;90;j;Leertaste;GMW;90;1995;nonword;1593;1;SCHWURFOLLIN;nonword;nonword
126527;;721e38ca-1148-478e-a5d9-38981ff74d24;1;J6VFFMPw1601459725441;357;NontargetTrial;1;1;1;14;1;;VP114S114G;0;100;90;j;Leertaste;GMW;90;1995;nonword;2062;1;SCHNERRBIRT;nonword;nonword
126527;;721e38ca-1148-478e-a5d9-38981ff74d24;1;J6VFFMPw1601459725441;358;NontargetTrial;1;1;1;14;1;;VP114S114G;0;100;90;j;Leertaste;GMW;90;1995;nonword;1614;1;TAPFBLAMO;nonword;nonword
126527;;721e38ca-1148-478e-a5d9-38981ff74d24;1;J6VFFMPw1601459725441;359;NontargetTrial;1;1;1;14;1;;VP114S114G;0;100;90;j;Leertaste;GMW;90;1995;nonword;1107;1;INSCHÖDLUCH;nonword;nonword
126527;;721e38ca-1148-478e-a5d9-38981ff74d24;1;J6VFFMPw1601459725441;360;NontargetTrial;1;1;1;14;1;;VP114S114G;0;100;90;j;Leertaste;GMW;90;1995;word;768;1;SPEKTRUM;word;word
126527;;721e38ca-1148-478e-a5d9-38981ff74d24;1;J6VFFMPw1601459725441;361;NontargetTrial;1;1;1;14;1;;VP114S114G;0;100;90;j;Leertaste;GMW;90;1995;nonword;855;0;AGRARPOLITIK;word;word
126527;;721e38ca-1148-478e-a5d9-38981ff74d24;1;J6VFFMPw1601459725441;362;NontargetTrial;1;1;1;14;1;;VP114S114G;0;100;90;j;Leertaste;GMW;90;1995;word;948;1;BODENFROST;word;word
126527;;721e38ca-1148-478e-a5d9-38981ff74d24;1;J6VFFMPw1601459725441;363;NontargetTrial;1;1;1;14;1;;VP114S114G;0;100;90;j;Leertaste;GMW;90;1995;word;822;1;BLEISTIFT;word;word
126527;;721e38ca-1148-478e-a5d9-38981ff74d24;1;J6VFFMPw1601459725441;364;TargetTrial;1;1;1;14;1;;VP114S114G;0;100;90;j;Leertaste;GMW;90;1995;target;1852;1;GEDANKLICH;Targetword;target